Lead ID,First seen,Batch
00QS200000WF5pl,2026-10-06,baseline
00QS200000WF5o9,2026-10-06,baseline
00QS200000WF5Zd,2026-10-06,baseline
00QS200000WF5Un,2026-10-06,baseline
00QS200000WF5Ht,2026-10-06,baseline
00QS200000WF59p,2026-10-06,baseline
00QS200000WF54z,2026-10-06,baseline
00QS200000WF509,2026-10-06,baseline
00QS200000WF4yX,2026-10-06,baseline
00QS200000WF4P3,2026-10-06,baseline
00QS200000WF4AX,2026-10-06,baseline
00QS200000WF3Hh,2026-10-06,baseline
00QS200000WF39d,2026-10-06,baseline
00QS200000WF2tV,2026-10-06,baseline
00QS200000WF2lR,2026-10-06,baseline
00QS200000WF2jp,2026-10-06,baseline
00QS200000WF2Or,2026-10-06,baseline
00QS200000WF2DZ,2026-10-06,baseline
00QS200000WF1W1,2026-10-06,baseline
00QS200000WF1J7,2026-10-06,baseline
00QS200000WF1Cg,2026-10-06,baseline
00QS200000WF19R,2026-10-06,baseline
00QS200000WF130,2026-10-06,baseline
00QS200000WF0zl,2026-10-06,baseline
00QS200000WF0Zx,2026-10-06,baseline
00QS200000WF0TV,2026-10-06,baseline
00QS200000WF0Of,2026-10-06,baseline
00QS200000WF0N3,2026-10-06,baseline
00QS200000WEzu1,2026-10-06,baseline
00QS200000WEzpB,2026-10-06,baseline
00QS200000WEzcH,2026-10-06,baseline
00QS200000WEzXR,2026-10-06,baseline
00QS200000WEzKX,2026-10-06,baseline
00QS200000WEzE5,2026-10-06,baseline
00QS200000WEzCT,2026-10-06,baseline
00QS200000WEz61,2026-10-06,baseline
00QS200000WEyzZ,2026-10-06,baseline
00QS200000WEyxx,2026-10-06,baseline
00QS200000WEywL,2026-10-06,baseline
00QS200000WEyt9,2026-10-06,baseline
00QS200000WEyEn,2026-10-06,baseline
00QS200000WEy9x,2026-10-06,baseline
00QS200000WExvR,2026-10-06,baseline
00QS200000WExk9,2026-10-06,baseline
00QS200000WExNZ,2026-10-06,baseline
00QS200000WExLx,2026-10-06,baseline
00QS200000WExKL,2026-10-06,baseline
00QS200000WExH8,2026-10-06,baseline
00QS200000WExFW,2026-10-06,baseline
00QS200000WExFV,2026-10-06,baseline
00QS200000WEx0z,2026-10-06,baseline
00QS200000WEwuX,2026-10-06,baseline
00QS200000WEwkr,2026-10-06,baseline
00QS200000WEwXy,2026-10-06,baseline
00QS200000WEwMf,2026-10-06,baseline
00QS200000WEwL3,2026-10-06,baseline
00QS200000WEwJR,2026-10-06,baseline
00QS200000WEwEb,2026-10-06,baseline
00QS200000WEw8B,2026-10-06,baseline
00QS200000WEvbv,2026-10-06,baseline
00QS200000WEvbt,2026-10-06,baseline
00QS200000WEvQc,2026-10-06,baseline
00QS200000WEvAT,2026-10-06,baseline
00QS200000WEv8r,2026-10-06,baseline
00QS200000WEv7F,2026-10-06,baseline
00QS200000WEuj3,2026-10-06,baseline
00QS200000WEuhR,2026-10-06,baseline
00QS200000WEueD,2026-10-06,baseline
00QS200000WEuZP,2026-10-06,baseline
00QS200000WEuZO,2026-10-06,baseline
00QS200000WEuG1,2026-10-06,baseline
00QS200000WEuEP,2026-10-06,baseline
00QS200000WEuBB,2026-10-06,baseline
00QS200000WEtn1,2026-10-06,baseline
00QS200000WEtgX,2026-10-06,baseline
00QS200000WEtev,2026-10-06,baseline
00QS200000WEtdJ,2026-10-06,baseline
00QS200000WEtbh,2026-10-06,baseline
00QS200000WEtLZ,2026-10-06,baseline
00QS200000WEtIM,2026-10-06,baseline
00QS200000WEtIL,2026-10-06,baseline
00QS200000WEtF8,2026-10-06,baseline
00QS200000WEt5S,2026-10-06,baseline
00QS200000WEsni,2026-10-06,baseline
00QS200000WEsm6,2026-10-06,baseline
00QS200000WEshG,2026-10-06,baseline
00QS200000WEsZC,2026-10-06,baseline
00QS200000WEsJ3,2026-10-06,baseline
00QS200000WEs9g,2026-10-06,baseline
00QS200000WEry5,2026-10-06,baseline
00QS200000WErtF,2026-10-06,baseline
00QS200000WErja,2026-10-06,baseline
00QS200000WErbV,2026-10-06,baseline
00QS200000WErBi,2026-10-06,baseline
00QS200000WEqyp,2026-10-06,baseline
00QS200000WEqh3,2026-10-06,baseline
00QS200000WEqXO,2026-10-06,baseline
00QS200000WEqXN,2026-10-06,baseline
00QS200000WEqVl,2026-10-06,baseline
00QS200000WEqSY,2026-10-06,baseline
00QS200000WEqPJ,2026-10-06,baseline
00QS200000WEqKT,2026-10-06,baseline
00QS200000WEq7a,2026-10-06,baseline
00QS200000WEpzV,2026-10-06,baseline
00QS200000WEprR,2026-10-06,baseline
00QS200000WEpmb,2026-10-06,baseline
00QS200000WEpl0,2026-10-06,baseline
00QS200000WEpjN,2026-10-06,baseline
00QS200000WEpeX,2026-10-06,baseline
00QS200000WEpZh,2026-10-06,baseline
00QS200000WEpY7,2026-10-06,baseline
00QS200000WEpY6,2026-10-06,baseline
00QS200000WEpMn,2026-10-06,baseline
00QS200000WEp6f,2026-10-06,baseline
00QS200000WEp1r,2026-10-06,baseline
00QS200000WEp1q,2026-10-06,baseline
00QS200000WEoiU,2026-10-06,baseline
00QS200000WEofF,2026-10-06,baseline
00QS200000WEoXB,2026-10-06,baseline
00QS200000WEoSL,2026-10-06,baseline
00QS200000WEoFT,2026-10-06,baseline
00QS200000WEoFS,2026-10-06,baseline
00QS200000WEoDs,2026-10-06,baseline
00QS200000WEo8z,2026-10-06,baseline
00QS200000WEo2Z,2026-10-06,baseline
00QS200000WEo2Y,2026-10-06,baseline
00QS200000WEo2X,2026-10-06,baseline
00QS200000WEnzJ,2026-10-06,baseline
00QS200000WEnpd,2026-10-06,baseline
00QS200000WEnfy,2026-10-06,baseline
00QS200000WEnfx,2026-10-06,baseline
00QS200000WEnb9,2026-10-06,baseline
00QS200000WEnb8,2026-10-06,baseline
00QS200000WEnXt,2026-10-06,baseline
00QS200000WEnUf,2026-10-06,baseline
00QS200000WEnT3,2026-10-06,baseline
00QS200000WEnOE,2026-10-06,baseline
00QS200000WEnG9,2026-10-06,baseline
00QS200000WEn9h,2026-10-06,baseline
00QS200000WEn01,2026-10-06,baseline
00QS200000WEmn8,2026-10-06,baseline
00QS200000WEmS9,2026-10-06,baseline
00QS200000WEluH,2026-10-06,baseline
00QS200000WElsf,2026-10-06,baseline
00QS200000WElpR,2026-10-06,baseline
00QS200000WElcY,2026-10-06,baseline
00QS200000WElav,2026-10-06,baseline
00QS200000WElZJ,2026-10-06,baseline
00QS200000WElUT,2026-10-06,baseline
00QS200000WElSr,2026-10-06,baseline
00QS200000WElRF,2026-10-06,baseline
00QS200000WElPd,2026-10-06,baseline
00QS200000WElB7,2026-10-06,baseline
00QS200000WEkzp,2026-10-06,baseline
00QS200000WEkwc,2026-10-06,baseline
00QS200000WEkrm,2026-10-06,baseline
00QS200000WEkoX,2026-10-06,baseline
00QS200000WEkmx,2026-10-06,baseline
00QS200000WEkgU,2026-10-06,baseline
00QS200000WEkgT,2026-10-06,baseline
00QS200000WEkbd,2026-10-06,baseline
00QS200000WEkWn,2026-10-06,baseline
00QS200000WEkQM,2026-10-06,baseline
00QS200000WEkLV,2026-10-06,baseline
00QS200000WEk5N,2026-10-06,baseline
00QS200000WEjyw,2026-10-06,baseline
00QS200000WEjin,2026-10-06,baseline
00QS200000WEjhB,2026-10-06,baseline
00QS200000WEjVt,2026-10-06,baseline
00QS200000WEjUH,2026-10-06,baseline
00QS200000WEjPR,2026-10-06,baseline
00QS200000WEjNp,2026-10-06,baseline
00QS200000WEjIz,2026-10-06,baseline
00QS200000WEjFm,2026-10-06,baseline
00QS200000WEjE9,2026-10-06,baseline
00QS200000WEizd,2026-10-06,baseline
00QS200000WEiwP,2026-10-06,baseline
00QS200000WEimk,2026-10-06,baseline
00QS200000WEigH,2026-10-06,baseline
00QS200000WEief,2026-10-06,baseline
00QS200000WEiV0,2026-10-06,baseline
00QS200000WEiLK,2026-10-06,baseline
00QS200000WEiGT,2026-10-06,baseline
00QS200000WEiA1,2026-10-06,baseline
00QS200000WEhqg,2026-10-06,baseline
00QS200000WEhnR,2026-10-06,baseline
00QS200000WEhcB,2026-10-06,baseline
00QS200000WEhKQ,2026-10-06,baseline
00QS200000WEhIn,2026-10-06,baseline
00QS200000WEh14,2026-10-06,baseline
00QS200000WEh13,2026-10-06,baseline
00QS200000WEgJW,2026-10-06,baseline
00QS200000WEgEg,2026-10-06,baseline
00QS200000WEgBT,2026-10-06,baseline
00QS200000WEfs7,2026-10-06,baseline
00QS200000WEfqT,2026-10-06,baseline
00QS200000WEfnF,2026-10-06,baseline
00QS200000WEfk3,2026-10-06,baseline
00QS200000WEfk1,2026-10-06,baseline
00QS200000WEfgp,2026-10-06,baseline
00QS200000WEfgo,2026-10-06,baseline
00QS200000WEfYj,2026-10-06,baseline
00QS200000WEfX9,2026-10-06,baseline
00QS200000WEfLp,2026-10-06,baseline
00QS200000WEfKF,2026-10-06,baseline
00QS200000WEfKD,2026-10-06,baseline
00QS200000WEfH0,2026-10-06,baseline
00QS200000WEfGz,2026-10-06,baseline
00QS200000WEezF,2026-10-06,baseline
00QS200000WEerB,2026-10-06,baseline
00QS200000WEeny,2026-10-06,baseline
00QS200000WEekj,2026-10-06,baseline
00QS200000WEecf,2026-10-06,baseline
00QS200000WEePl,2026-10-06,baseline
00QS200000WEeHh,2026-10-06,baseline
00QS200000WEe3B,2026-10-06,baseline
00QS200000WEdzx,2026-10-06,baseline
00QS200000WEdwj,2026-10-06,baseline
00QS200000WEdru,2026-10-06,baseline
00QS200000WEdof,2026-10-06,baseline
00QS200000WEdiE,2026-10-06,baseline
00QS200000WEdGo,2026-10-06,baseline
00QS200000WEd3t,2026-10-06,baseline
00QS200000WEd2H,2026-10-06,baseline
00QS200000WEd0h,2026-10-06,baseline
00QS200000WEcvq,2026-10-06,baseline
00QS200000WEcuE,2026-10-06,baseline
00QS200000WEcr1,2026-10-06,baseline
00QS200000WEcnm,2026-10-06,baseline
00QS200000WEcmA,2026-10-06,baseline
00QS200000WEchJ,2026-10-06,baseline
00QS200000WEce5,2026-10-06,baseline
00QS200000WEccT,2026-10-06,baseline
00QS200000WEcRB,2026-10-06,baseline
00QS200000WEcNx,2026-10-06,baseline
00QS200000WEcKk,2026-10-06,baseline
00QS200000WEcKj,2026-10-06,baseline
00QS200000WEcB5,2026-10-06,baseline
00QS200000WEc7p,2026-10-06,baseline
00QS200000WEc4b,2026-10-06,baseline
00QS200000WEc2z,2026-10-06,baseline
00QS200000WEby9,2026-10-06,baseline
00QS200000WEbms,2026-10-06,baseline
00QS200000WEbeo,2026-10-06,baseline
00QS200000WEbZx,2026-10-06,baseline
00QS200000WEbRu,2026-10-06,baseline
00QS200000WEbEz,2026-10-06,baseline
00QS200000WEb8X,2026-10-06,baseline
00QS200000WEb6v,2026-10-06,baseline
00QS200000WEb3i,2026-10-06,baseline
00QS200000WEasQ,2026-10-06,baseline
00QS200000WEaqo,2026-10-06,baseline
00QS200000WEana,2026-10-06,baseline
00QS200000WEaZ3,2026-10-06,baseline
00QS200000WEaVp,2026-10-06,baseline
00QS200000WEaFh,2026-10-06,baseline
00QS200000WEaAr,2026-10-06,baseline
00QS200000WEa7d,2026-10-06,baseline
00QS200000WEZxx,2026-10-06,baseline
00QS200000WEZrW,2026-10-06,baseline
00QS200000WEZmf,2026-10-06,baseline
00QS200000WEZgD,2026-10-06,baseline
00QS200000WEZd0,2026-10-06,baseline
00QS200000WEZUv,2026-10-06,baseline
00QS200000WEZRi,2026-10-06,baseline
00QS200000WEZI1,2026-10-06,baseline
00QS200000WEZBa,2026-10-06,baseline
00QS200000WEZ9z,2026-10-06,baseline
00QS200000WEZ6k,2026-10-06,baseline
00QS200000WEZ1t,2026-10-06,baseline
00QS200000WEZ0I,2026-10-06,baseline
00QS200000WEYx4,2026-10-06,baseline
00QS200000WEYx3,2026-10-06,baseline
00QS200000WEYc5,2026-10-06,baseline
00QS200000WEYU1,2026-10-06,baseline
00QS200000WEYKP,2026-10-06,baseline
00QS200000WEYFY,2026-10-06,baseline
00QS200000WEYCH,2026-10-06,baseline
00QS200000WEY93,2026-10-06,baseline
00QS200000WEXsv,2026-10-06,baseline
00QS200000WEXrJ,2026-10-06,baseline
00QS200000WEXjF,2026-10-06,baseline
00QS200000WEXbB,2026-10-06,baseline
00QS200000WEXZZ,2026-10-06,baseline
00QS200000WEXL4,2026-10-06,baseline
00QS200000WEXJS,2026-10-06,baseline
00QS200000WEX1i,2026-10-06,baseline
00QS200000WEWyT,2026-10-06,baseline
00QS200000WEWwt,2026-10-06,baseline
00QS200000WEWws,2026-10-06,baseline
00QS200000WEWtd,2026-10-06,baseline
00QS200000WEWs1,2026-10-06,baseline
00QS200000WEWqP,2026-10-06,baseline
00QS200000WEWla,2026-10-06,baseline
00QS200000WEWgj,2026-10-06,baseline
00QS200000WEWaH,2026-10-06,baseline
00QS200000WEWYf,2026-10-06,baseline
00QS200000WEWX3,2026-10-06,baseline
00QS200000WEWQb,2026-10-06,baseline
00QS200000WEWDh,2026-10-06,baseline
00QS200000WEVxZ,2026-10-06,baseline
00QS200000WEVr7,2026-10-06,baseline
00QS200000WEVnt,2026-10-06,baseline
00QS200000WEVmI,2026-10-06,baseline
00QS200000WEVmH,2026-10-06,baseline
00QS200000WEVkf,2026-10-06,baseline
00QS200000WEVhS,2026-10-06,baseline
00QS200000WEVhR,2026-10-06,baseline
00QS200000WEVfr,2026-10-06,baseline
00QS200000WEVfp,2026-10-06,baseline
00QS200000WEVeE,2026-10-06,baseline
00QS200000WEVRL,2026-10-06,baseline
00QS200000WEVRK,2026-10-06,baseline
00QS200000WEVPi,2026-10-06,baseline
00QS200000WEVMW,2026-10-06,baseline
00QS200000WEVJF,2026-10-06,baseline
00QS200000WEVHd,2026-10-06,baseline
00QS200000WEVCo,2026-10-06,baseline
00QS200000WEVCn,2026-10-06,baseline
00QS200000WEVBB,2026-10-06,baseline
00QS200000WEV7y,2026-10-06,baseline
00QS200000WEV7x,2026-10-06,baseline
00QS200000WEV6L,2026-10-06,baseline
00QS200000WEV4j,2026-10-06,baseline
00QS200000WEV1V,2026-10-06,baseline
00QS200000WEUzt,2026-10-06,baseline
00QS200000WEUyH,2026-10-06,baseline
00QS200000WEUwf,2026-10-06,baseline
00QS200000WEUv3,2026-10-06,baseline
00QS200000WEUtS,2026-10-06,baseline
00QS200000WEUtR,2026-10-06,baseline
00QS200000WEUrp,2026-10-06,baseline
00QS200000WEUlO,2026-10-06,baseline
00QS200000WEUYV,2026-10-06,baseline
00QS200000WEUVJ,2026-10-06,baseline
00QS200000WEUVG,2026-10-06,baseline
00QS200000WEUTd,2026-10-06,baseline
00QS200000WEUS1,2026-10-06,baseline
00QS200000WEUQQ,2026-10-06,baseline
00QS200000WEUQP,2026-10-06,baseline
00QS200000WEUOn,2026-10-06,baseline
00QS200000WEUNB,2026-10-06,baseline
00QS200000WEULZ,2026-10-06,baseline
00QS200000WEUJx,2026-10-06,baseline
00QS200000WEUIL,2026-10-06,baseline
00QS200000WEUGj,2026-10-06,baseline
00QS200000WEUF7,2026-10-06,baseline
00QS200000WEUBt,2026-10-06,baseline
00QS200000WETz0,2026-10-06,baseline
00QS200000WETsY,2026-10-06,baseline
00QS200000WETnh,2026-10-06,baseline
00QS200000WETm6,2026-10-06,baseline
00QS200000WETm5,2026-10-06,baseline
00QS200000WETkU,2026-10-06,baseline
00QS200000WETkT,2026-10-06,baseline
00QS200000WETir,2026-10-06,baseline
00QS200000WEThG,2026-10-06,baseline
00QS200000WEThF,2026-10-06,baseline
00QS200000WETPV,2026-10-06,baseline
00QS200000WETKf,2026-10-06,baseline
00QS200000WETHS,2026-10-06,baseline
00QS200000WETFq,2026-10-06,baseline
00QS200000WETCb,2026-10-06,baseline
00QS200000WETAz,2026-10-06,baseline
00QS200000WET9N,2026-10-06,baseline
00QS200000WET7l,2026-10-06,baseline
00QS200000WESwT,2026-10-06,baseline
00QS200000WEStG,2026-10-06,baseline
00QS200000WESoQ,2026-10-06,baseline
00QS200000WESmn,2026-10-06,baseline
00QS200000WESlB,2026-10-06,baseline
00QS200000WESjZ,2026-10-06,baseline
00QS200000WEShx,2026-10-06,baseline
00QS200000WESgL,2026-10-06,baseline
00QS200000WESej,2026-10-06,baseline
00QS200000WESbV,2026-10-06,baseline
00QS200000WESZu,2026-10-06,baseline
00QS200000WESZt,2026-10-06,baseline
00QS200000WESWf,2026-10-06,baseline
00QS200000WESOc,2026-10-06,baseline
00QS200000WESLO,2026-10-06,baseline
00QS200000WESIA,2026-10-06,baseline
00QS200000WESEw,2026-10-06,baseline
00QS200000WESA5,2026-10-06,baseline
00QS200000WES8U,2026-10-06,baseline
00QS200000WES8T,2026-10-06,baseline
00QS200000WES6r,2026-10-06,baseline
00QS200000WES5F,2026-10-06,baseline
00QS200000WES3d,2026-10-06,baseline
00QS200000WES23,2026-10-06,baseline
00QS200000WES22,2026-10-06,baseline
00QS200000WES21,2026-10-06,baseline
00QS200000WERyp,2026-10-06,baseline
00QS200000WERqk,2026-10-06,baseline
00QS200000WERih,2026-10-06,baseline
00QS200000WERig,2026-10-06,baseline
00QS200000WERif,2026-10-06,baseline
00QS200000WERh3,2026-10-06,baseline
00QS200000WERfT,2026-10-06,baseline
00QS200000WERfS,2026-10-06,baseline
00QS200000WERfR,2026-10-06,baseline
00QS200000WERdp,2026-10-06,baseline
00QS200000WERcD,2026-10-06,baseline
00QS200000WERad,2026-10-06,baseline
00QS200000WERac,2026-10-06,baseline
00QS200000WERab,2026-10-06,baseline
00QS200000WERYz,2026-10-06,baseline
00QS200000WERXN,2026-10-06,baseline
00QS200000WERU9,2026-10-06,baseline
00QS200000WERSX,2026-10-06,baseline
00QS200000WERQv,2026-10-06,baseline
00QS200000WERE2,2026-10-06,baseline
00QS200000WER7Z,2026-10-06,baseline
00QS200000WER18,2026-10-06,baseline
00QS200000WEQwI,2026-10-06,baseline
00QS200000WEQt3,2026-10-06,baseline
00QS200000WEQl0,2026-10-06,baseline
00QS200000WEQcw,2026-10-06,baseline
00QS200000WEQZi,2026-10-06,baseline
00QS200000WEQY6,2026-10-06,baseline
00QS200000WEQY5,2026-10-06,baseline
00QS200000WEQWT,2026-10-06,baseline
00QS200000WEQUs,2026-10-06,baseline
00QS200000WEQUr,2026-10-06,baseline
00QS200000WEQRe,2026-10-06,baseline
00QS200000WEQRd,2026-10-06,baseline
00QS200000WEQQ1,2026-10-06,baseline
00QS200000WEQOP,2026-10-06,baseline
00QS200000WEQMn,2026-10-06,baseline
00QS200000WEQLC,2026-10-06,baseline
00QS200000WEQLB,2026-10-06,baseline
00QS200000WEQJa,2026-10-06,baseline
00QS200000WEQJZ,2026-10-06,baseline
00QS200000WEQHx,2026-10-06,baseline
00QS200000WEQGM,2026-10-06,baseline
00QS200000WEQGL,2026-10-06,baseline
00QS200000WEQEj,2026-10-06,baseline
00QS200000WEQD7,2026-10-06,baseline
00QS200000WEQBW,2026-10-06,baseline
00QS200000WEQ8H,2026-10-06,baseline
00QS200000WEQ6i,2026-10-06,baseline
00QS200000WEQ6g,2026-10-06,baseline
00QS200000WEQ53,2026-10-06,baseline
00QS200000WEQ3R,2026-10-06,baseline
00QS200000WEQ1q,2026-10-06,baseline
00QS200000WEPtl,2026-10-06,baseline
00QS200000WEPow,2026-10-06,baseline
00QS200000WEPnM,2026-10-06,baseline
00QS200000WEPlj,2026-10-06,baseline
00QS200000WEPli,2026-10-06,baseline
00QS200000WEPiV,2026-10-06,baseline
00QS200000WEPfF,2026-10-06,baseline
00QS200000WEPdf,2026-10-06,baseline
00QS200000WEPde,2026-10-06,baseline
00QS200000WEPdd,2026-10-06,baseline
00QS200000WEPc3,2026-10-06,baseline
00QS200000WEPc1,2026-10-06,baseline
00QS200000WEPaP,2026-10-06,baseline
00QS200000WEPYo,2026-10-06,baseline
00QS200000WEPYn,2026-10-06,baseline
00QS200000WEPXB,2026-10-06,baseline
00QS200000WEPVZ,2026-10-06,baseline
00QS200000WEPSM,2026-10-06,baseline
00QS200000WEPSL,2026-10-06,baseline
00QS200000WEPQl,2026-10-06,baseline
00QS200000WEPQj,2026-10-06,baseline
00QS200000WEPP7,2026-10-06,baseline
00QS200000WEPNW,2026-10-06,baseline
00QS200000WEPNV,2026-10-06,baseline
00QS200000WEPLv,2026-10-06,baseline
00QS200000WEPLt,2026-10-06,baseline
00QS200000WEPKK,2026-10-06,baseline
00QS200000WEPKH,2026-10-06,baseline
00QS200000WEPIg,2026-10-06,baseline
00QS200000WEPH3,2026-10-06,baseline
00QS200000WEPFR,2026-10-06,baseline
00QS200000WEPDp,2026-10-06,baseline
00QS200000WEPCE,2026-10-06,baseline
00QS200000WEPAc,2026-10-06,baseline
00QS200000WEP7P,2026-10-06,baseline
00QS200000WEOzJ,2026-10-06,baseline
00QS200000WEOxh,2026-10-06,baseline
00QS200000WEOuW,2026-10-06,baseline
00QS200000WEOuT,2026-10-06,baseline
00QS200000WEOsv,2026-10-06,baseline
00QS200000WEOst,2026-10-06,baseline
00QS200000WEOrF,2026-10-06,baseline
00QS200000WEOo2,2026-10-06,baseline
00QS200000WEOmP,2026-10-06,baseline
00QS200000WEOkp,2026-10-06,baseline
00QS200000WEOkn,2026-10-06,baseline
00QS200000WEOjB,2026-10-06,baseline
00QS200000WEOha,2026-10-06,baseline
00QS200000WEOhZ,2026-10-06,baseline
00QS200000WEOfx,2026-10-06,baseline
00QS200000WEOeL,2026-10-06,baseline
00QS200000WEOcj,2026-10-06,baseline
00QS200000WEOb9,2026-10-06,baseline
00QS200000WEOb8,2026-10-06,baseline
00QS200000WEOb7,2026-10-06,baseline
00QS200000WEOZV,2026-10-06,baseline
00QS200000WEOXt,2026-10-06,baseline
00QS200000WEOWH,2026-10-06,baseline
00QS200000WEOUf,2026-10-06,baseline
00QS200000WEOT3,2026-10-06,baseline
00QS200000WEORR,2026-10-06,baseline
00QS200000WEOPt,2026-10-06,baseline
00QS200000WEOPp,2026-10-06,baseline
00QS200000WEOOE,2026-10-06,baseline
00QS200000WEOOD,2026-10-06,baseline
00QS200000WEOHm,2026-10-06,baseline
00QS200000WEOGA,2026-10-06,baseline
00QS200000WEOG9,2026-10-06,baseline
00QS200000WEOEX,2026-10-06,baseline
00QS200000WEOCv,2026-10-06,baseline
00QS200000WEO9h,2026-10-06,baseline
00QS200000WEO85,2026-10-06,baseline
00QS200000WEO6T,2026-10-06,baseline
00QS200000WEO4r,2026-10-06,baseline
00QS200000WEO3F,2026-10-06,baseline
00QS200000WENwn,2026-10-06,baseline
00QS200000WENvC,2026-10-06,baseline
00QS200000WENvB,2026-10-06,baseline
00QS200000WENtb,2026-10-06,baseline
00QS200000WENry,2026-10-06,baseline
00QS200000WENoj,2026-10-06,baseline
00QS200000WENn7,2026-10-06,baseline
00QS200000WENlV,2026-10-06,baseline
00QS200000WENjt,2026-10-06,baseline
00QS200000WENiH,2026-10-06,baseline
00QS200000WENgf,2026-10-06,baseline
00QS200000WENf3,2026-10-06,baseline
00QS200000WENdR,2026-10-06,baseline
00QS200000WENbp,2026-10-06,baseline
00QS200000WENaD,2026-10-06,baseline
00QS200000WENVP,2026-10-06,baseline
00QS200000WENVO,2026-10-06,baseline
00QS200000WENVN,2026-10-06,baseline
00QS200000WENTl,2026-10-06,baseline
00QS200000WENS9,2026-10-06,baseline
00QS200000WENQX,2026-10-06,baseline
00QS200000WENOw,2026-10-06,baseline
00QS200000WENOv,2026-10-06,baseline
00QS200000WENNJ,2026-10-06,baseline
00QS200000WENLj,2026-10-06,baseline
00QS200000WENLi,2026-10-06,baseline
00QS200000WENLh,2026-10-06,baseline
00QS200000WENIT,2026-10-06,baseline
00QS200000WENGr,2026-10-06,baseline
00QS200000WENFF,2026-10-06,baseline
00QS200000WENC1,2026-10-06,baseline
00QS200000WENAP,2026-10-06,baseline
00QS200000WEN8n,2026-10-06,baseline
00QS200000WEN7C,2026-10-06,baseline
00QS200000WEMvv,2026-10-06,baseline
00QS200000WEMvu,2026-10-06,baseline
00QS200000WEMhN,2026-10-06,baseline
00QS200000WEMUV,2026-10-06,baseline
00QS200000WEMPf,2026-10-06,baseline
00QS200000WEMKn,2026-10-06,baseline
00QS200000WEMJC,2026-10-06,baseline
00QS200000WEMHb,2026-10-06,baseline
00QS200000WEMHZ,2026-10-06,baseline
00QS200000WEMFx,2026-10-06,baseline
00QS200000WEMEL,2026-10-06,baseline
00QS200000WEMCl,2026-10-06,baseline
00QS200000WEMCk,2026-10-06,baseline
00QS200000WEMCj,2026-10-06,baseline
00QS200000WEM9Y,2026-10-06,baseline
00QS200000WEM9W,2026-10-06,baseline
00QS200000WEM9V,2026-10-06,baseline
00QS200000WEM7x,2026-10-06,baseline
00QS200000WEM7u,2026-10-06,baseline
00QS200000WEM7t,2026-10-06,baseline
00QS200000WEM6I,2026-10-06,baseline
00QS200000WEM4f,2026-10-06,baseline
00QS200000WEM1S,2026-10-06,baseline
00QS200000WELzp,2026-10-06,baseline
00QS200000WELtP,2026-10-06,baseline
00QS200000WELtO,2026-10-06,baseline
00QS200000WELrn,2026-10-06,baseline
00QS200000WELrm,2026-10-06,baseline
00QS200000WELdF,2026-10-06,baseline
00QS200000WELbd,2026-10-06,baseline
00QS200000WELa1,2026-10-06,baseline
00QS200000WELYP,2026-10-06,baseline
00QS200000WELWo,2026-10-06,baseline
00QS200000WELTa,2026-10-06,baseline
00QS200000WELOj,2026-10-06,baseline
00QS200000WELN7,2026-10-06,baseline
00QS200000WELLV,2026-10-06,baseline
00QS200000WELII,2026-10-06,baseline
00QS200000WELAD,2026-10-06,baseline
00QS200000WEL8b,2026-10-06,baseline
00QS200000WEL70,2026-10-06,baseline
00QS200000WEL29,2026-10-06,baseline
00QS200000WEKfZ,2026-10-06,baseline
00QS200000WEKZ7,2026-10-06,baseline
00QS200000WEKVu,2026-10-06,baseline
00QS200000WEKKb,2026-10-06,baseline
00QS200000WEKJ1,2026-10-06,baseline
00QS200000WEKJ0,2026-10-06,baseline
00QS200000WEKHO,2026-10-06,baseline
00QS200000WEKHN,2026-10-06,baseline
00QS200000WEKFm,2026-10-06,baseline
00QS200000WEKFl,2026-10-06,baseline
00QS200000WEKE9,2026-10-06,baseline
00QS200000WEK65,2026-10-06,baseline
00QS200000WEK1G,2026-10-06,baseline
00QS200000WEJy2,2026-10-06,baseline
00QS200000WEJpy,2026-10-06,baseline
00QS200000WEJoL,2026-10-06,baseline
00QS200000WEJl7,2026-10-06,baseline
00QS200000WEJjW,2026-10-06,baseline
00QS200000WEJht,2026-10-06,baseline
00QS200000WEJgH,2026-10-06,baseline
00QS200000WEJef,2026-10-06,baseline
00QS200000WEJd3,2026-10-06,baseline
00QS200000WEJbR,2026-10-06,baseline
00QS200000WEJZp,2026-10-06,baseline
00QS200000WEJUz,2026-10-06,baseline
00QS200000WEJOY,2026-10-06,baseline
00QS200000WEJEr,2026-10-06,baseline
00QS200000WEJDF,2026-10-06,baseline
00QS200000WEJBd,2026-10-06,baseline
00QS200000WEJA1,2026-10-06,baseline
00QS200000WEJ8P,2026-10-06,baseline
00QS200000WEJ6p,2026-10-06,baseline
00QS200000WEJ6o,2026-10-06,baseline
00QS200000WEJ6n,2026-10-06,baseline
00QS200000WEJ5B,2026-10-06,baseline
00QS200000WEJ3Z,2026-10-06,baseline
00QS200000WEJ1x,2026-10-06,baseline
00QS200000WEJ0M,2026-10-06,baseline
00QS200000WEJ0L,2026-10-06,baseline
00QS200000WEIyk,2026-10-06,baseline
00QS200000WEIyj,2026-10-06,baseline
00QS200000WEIx7,2026-10-06,baseline
00QS200000WEIvV,2026-10-06,baseline
00QS200000WEItt,2026-10-06,baseline
00QS200000WEIsI,2026-10-06,baseline
00QS200000WEIsH,2026-10-06,baseline
00QS200000WEIp3,2026-10-06,baseline
00QS200000WEInR,2026-10-06,baseline
00QS200000WEIlp,2026-10-06,baseline
00QS200000WEIkD,2026-10-06,baseline
00QS200000WEIib,2026-10-06,baseline
00QS200000WEIgz,2026-10-06,baseline
00QS200000WEIdm,2026-10-06,baseline
00QS200000WEIdl,2026-10-06,baseline
00QS200000WEIc9,2026-10-06,baseline
00QS200000WEIaX,2026-10-06,baseline
00QS200000WEIXL,2026-10-06,baseline
00QS200000WEIXK,2026-10-06,baseline
00QS200000WEIXJ,2026-10-06,baseline
00QS200000WEIVh,2026-10-06,baseline
00QS200000WEIU5,2026-10-06,baseline
00QS200000WEIST,2026-10-06,baseline
00QS200000WEIQr,2026-10-06,baseline
00QS200000WEIPF,2026-10-06,baseline
00QS200000WEINd,2026-10-06,baseline
00QS200000WEIM1,2026-10-06,baseline
00QS200000WEIKQ,2026-10-06,baseline
00QS200000WEIKP,2026-10-06,baseline
00QS200000WEIIn,2026-10-06,baseline
00QS200000WEIHD,2026-10-06,baseline
00QS200000WEIHC,2026-10-06,baseline
00QS200000WEIHB,2026-10-06,baseline
00QS200000WEIFZ,2026-10-06,baseline
00QS200000WEIDx,2026-10-06,baseline
00QS200000WEICO,2026-10-06,baseline
00QS200000WEICN,2026-10-06,baseline
00QS200000WEICL,2026-10-06,baseline
00QS200000WEIAj,2026-10-06,baseline
00QS200000WEI97,2026-10-06,baseline
00QS200000WEHzS,2026-10-06,baseline
00QS200000WEHub,2026-10-06,baseline
00QS200000WEHmX,2026-10-06,baseline
00QS200000WEHWP,2026-10-06,baseline
00QS200000WEHRb,2026-10-06,baseline
00QS200000WEHRa,2026-10-06,baseline
00QS200000WEHPx,2026-10-06,baseline
00QS200000WEHOL,2026-10-06,baseline
00QS200000WEHMm,2026-10-06,baseline
00QS200000WEHEg,2026-10-06,baseline
00QS200000WEHD4,2026-10-06,baseline
00QS200000WEHD3,2026-10-06,baseline
00QS200000WEHBS,2026-10-06,baseline
00QS200000WEGyY,2026-10-06,baseline
00QS200000WEGth,2026-10-06,baseline
00QS200000WEGs6,2026-10-06,baseline
00QS200000WEGqV,2026-10-06,baseline
00QS200000WEGqU,2026-10-06,baseline
00QS200000WEGqT,2026-10-06,baseline
00QS200000WEGk2,2026-10-06,baseline
00QS200000WEGiP,2026-10-06,baseline
00QS200000WEGfB,2026-10-06,baseline
00QS200000WEGby,2026-10-06,baseline
00QS200000WEGX8,2026-10-06,baseline
00QS200000WEGTt,2026-10-06,baseline
00QS200000WEGSH,2026-10-06,baseline
00QS200000WEGP5,2026-10-06,baseline
00QS200000WEGP4,2026-10-06,baseline
00QS200000WEGNR,2026-10-06,baseline
00QS200000WEGKF,2026-10-06,baseline
00QS200000WEGDo,2026-10-06,baseline
00QS200000WEG8w,2026-10-06,baseline
00QS200000WEG7K,2026-10-06,baseline
00QS200000WEG5h,2026-10-06,baseline
00QS200000WEG45,2026-10-06,baseline
00QS200000WEG2U,2026-10-06,baseline
00QS200000WEFzF,2026-10-06,baseline
00QS200000WEFch,2026-10-06,baseline
00QS200000WEFRO,2026-10-06,baseline
00QS200000WEFPm,2026-10-06,baseline
00QS200000WEFPl,2026-10-06,baseline
00QS200000WEFJK,2026-10-06,baseline
00QS200000WEFG5,2026-10-06,baseline
00QS200000WEFBF,2026-10-06,baseline
00QS200000WEF84,2026-10-06,baseline
00QS200000WEF3B,2026-10-06,baseline
00QS200000WEEzz,2026-10-06,baseline
00QS200000WEEyM,2026-10-06,baseline
00QS200000WEErt,2026-10-06,baseline
00QS200000WEEqJ,2026-10-06,baseline
00QS200000WEEqI,2026-10-06,baseline
00QS200000WEEoh,2026-10-06,baseline
00QS200000WEElS,2026-10-06,baseline
00QS200000WEEiD,2026-10-06,baseline
00QS200000WEEf0,2026-10-06,baseline
00QS200000WEEdN,2026-10-06,baseline
00QS200000WEEOt,2026-10-06,baseline
00QS200000WEEOs,2026-10-06,baseline
00QS200000WEEIQ,2026-10-06,baseline
00QS200000WEEIP,2026-10-06,baseline
00QS200000WEEFB,2026-10-06,baseline
00QS200000WEEDa,2026-10-06,baseline
00QS200000WEEC0,2026-10-06,baseline
00QS200000WEEAL,2026-10-06,baseline
00QS200000WEE79,2026-10-06,baseline
00QS200000WEE5V,2026-10-06,baseline
00QS200000WEE3u,2026-10-06,baseline
00QS200000WEE2I,2026-10-06,baseline
00QS200000WEDz3,2026-10-06,baseline
00QS200000WEDxR,2026-10-06,baseline
00QS200000WEDvp,2026-10-06,baseline
00QS200000WEDqz,2026-10-06,baseline
00QS200000WEDkX,2026-10-06,baseline
00QS200000WEDe7,2026-10-06,baseline
00QS200000WEDar,2026-10-06,baseline
00QS200000WEDZF,2026-10-06,baseline
00QS200000WEDPZ,2026-10-06,baseline
00QS200000WEDML,2026-10-06,baseline
00QS200000WEDEI,2026-10-06,baseline
00QS200000WECuv,2026-10-06,baseline
00QS200000WECdB,2026-10-06,baseline
00QS200000WECV8,2026-10-06,baseline
00QS200000WECRt,2026-10-06,baseline
00QS200000WECQH,2026-10-06,baseline
00QS200000WECOf,2026-10-06,baseline
00QS200000WECGc,2026-10-06,baseline
00QS200000WEBXR,2026-10-06,baseline
00QS200000WEBUD,2026-10-06,baseline
00QS200000WEBSc,2026-10-06,baseline
00QS200000WEBPN,2026-10-06,baseline
00QS200000WEBNl,2026-10-06,baseline
00QS200000WEBM9,2026-10-06,baseline
00QS200000WEBKX,2026-10-06,baseline
00QS200000WEBIv,2026-10-06,baseline
00QS200000WEBHK,2026-10-06,baseline
00QS200000WEBHJ,2026-10-06,baseline
00QS200000WEAum,2026-10-06,baseline
00QS200000WEAuk,2026-10-06,baseline
00QS200000WEAl4,2026-10-06,baseline
00QS200000WEAjR,2026-10-06,baseline
00QS200000WEAcz,2026-10-06,baseline
00QS200000WEAbN,2026-10-06,baseline
00QS200000WEAZm,2026-10-06,baseline
00QS200000WEAUv,2026-10-06,baseline
00QS200000WEAOU,2026-10-06,baseline
00QS200000WEAJe,2026-10-06,baseline
00QS200000WEAEp,2026-10-06,baseline
00QS200000WEA8L,2026-10-06,baseline
00QS200000WE9yg,2026-10-06,baseline
00QS200000WE9x5,2026-10-06,baseline
00QS200000WE9p0,2026-10-06,baseline
00QS200000WE9gx,2026-10-06,baseline
00QS200000WE9Na,2026-10-06,baseline
00QS200000WE9H7,2026-10-06,baseline
00QS200000WE9FV,2026-10-06,baseline
00QS200000WE94E,2026-10-06,baseline
00QS200000WE90z,2026-10-06,baseline
00QS200000WE8zN,2026-10-06,baseline
00QS200000WE8sz,2026-10-06,baseline
00QS200000WE8Pt,2026-10-06,baseline
00QS200000WE84v,2026-10-06,baseline
00QS200000WE7wr,2026-10-06,baseline
00QS200000WE7C5,2026-10-06,baseline
00QS200000WE77H,2026-10-06,baseline
00QS200000WE72P,2026-10-06,baseline
00QS200000WE6uP,2026-10-06,baseline
00QS200000WE6uO,2026-10-06,baseline
00QS200000WE6uN,2026-10-06,baseline
00QS200000WE6Ph,2026-10-06,baseline
00QS200000WE64j,2026-10-06,baseline
00QS200000WE5qE,2026-10-06,baseline
00QS200000WE5iA,2026-10-06,baseline
00QS200000WE5a5,2026-10-06,baseline
00QS200000WE55R,2026-10-06,baseline
00QS200000WE4z0,2026-10-06,baseline
00QS200000WE4UT,2026-10-06,baseline
00QS200000WE4Sl,2026-10-06,baseline
00QS200000WE4Sj,2026-10-06,baseline
00QS200000WE4Cd,2026-10-06,baseline
00QS200000WE3tF,2026-10-06,baseline
00QS200000WE3gL,2026-10-06,baseline
00QS200000WE3ek,2026-10-06,baseline
00QS200000WE3IB,2026-10-06,baseline
00QS200000WE3GY,2026-10-06,baseline
00QS200000WE2xB,2026-10-06,baseline
00QS200000WE2qk,2026-10-06,baseline
00QS200000WE2cE,2026-10-06,baseline
00QS200000WE2cD,2026-10-06,baseline
00QS200000WE2ab,2026-10-06,baseline
00QS200000WE2Yz,2026-10-06,baseline
00QS200000WE25y,2026-10-06,baseline
00QS200000WE1zV,2026-10-06,baseline
00QS200000WE1hl,2026-10-06,baseline
00QS200000WE1g9,2026-10-06,baseline
00QS200000WE1D7,2026-10-06,baseline
00QS200000WE19t,2026-10-06,baseline
00QS200000WE0wz,2026-10-06,baseline
00QS200000WE0vN,2026-10-06,baseline
00QS200000WE0c1,2026-10-06,baseline
00QS200000WE0aP,2026-10-06,baseline
00QS200000WE0VZ,2026-10-06,baseline
00QS200000WE049,2026-10-06,baseline
00QS200000WDzuU,2026-10-06,baseline
00QS200000WDzmP,2026-10-06,baseline
00QS200000WDzXu,2026-10-06,baseline
00QS200000WDzEX,2026-10-06,baseline
00QS200000WDzCx,2026-10-06,baseline
00QS200000WDyvD,2026-10-06,baseline
00QS200000WDy7C,2026-10-06,baseline
00QS200000WDxnq,2026-10-06,baseline
00QS200000WDxXk,2026-10-06,baseline
00QS200000WDxW8,2026-10-06,baseline
00QS200000WDxRH,2026-10-06,baseline
00QS200000WDwv1,2026-10-06,baseline
00QS200000WDvVv,2026-10-06,baseline
00QS200000WDyn7,2026-10-06,baseline
00QS200000WDyC2,2026-10-06,baseline
00QS200000WDxuH,2026-10-06,baseline
00QS200000WDxsf,2026-10-06,baseline
00QS200000WDxhN,2026-10-06,baseline
00QS200000WDxRF,2026-10-06,baseline
00QS200000WDxEL,2026-10-06,baseline
00QS200000WDxCj,2026-10-06,baseline
00QS200000WDxB7,2026-10-06,baseline
00QS200000WDx9V,2026-10-06,baseline
00QS200000WDwv0,2026-10-06,baseline
00QS200000WDwuz,2026-10-06,baseline
00QS200000WDwtN,2026-10-06,baseline
00QS200000WDwa1,2026-10-06,baseline
00QS200000WDwRx,2026-10-06,baseline
00QS200000WDwN7,2026-10-06,baseline
00QS200000WDwDT,2026-10-06,baseline
00QS200000WDw8b,2026-10-06,baseline
00QS200000WDw6z,2026-10-06,baseline
00QS200000WDvvj,2026-10-06,baseline
00QS200000WDvVu,2026-10-06,baseline
00QS200000WDvVt,2026-10-06,baseline
00QS200000WDvUH,2026-10-06,baseline
00QS200000WDvSf,2026-10-06,baseline
00QS200000WDvCX,2026-10-06,baseline
00QS200000WDuwP,2026-10-06,baseline
00QS200000WDurZ,2026-10-06,baseline
00QS200000WDugH,2026-10-06,baseline
00QS200000WDuZp,2026-10-06,baseline
00QS200000WDuWb,2026-10-06,baseline
00QS200000WDuMv,2026-10-06,baseline
00QS200000WDuLJ,2026-10-06,baseline
00QS200000WDuJh,2026-10-06,baseline
00QS200000WDuBd,2026-10-06,baseline
00QS200000WDu6o,2026-10-06,baseline
00QS200000WDu5B,2026-10-06,baseline
00QS200000WDu1x,2026-10-06,baseline
00QS200000WDtsH,2026-10-06,baseline
00QS200000WDtqf,2026-10-06,baseline
00QS200000WDtkD,2026-10-06,baseline
00QS200000WDth0,2026-10-06,baseline
00QS200000WDtfN,2026-10-06,baseline
00QS200000WDtXJ,2026-10-06,baseline
00QS200000WDtVh,2026-10-06,baseline
00QS200000WDtQs,2026-10-06,baseline
00QS200000WDtNd,2026-10-06,baseline
00QS200000WDt4J,2026-10-06,baseline
00QS200000WDszR,2026-10-06,baseline
00QS200000WDsxp,2026-10-06,baseline
00QS200000WDswD,2026-10-06,baseline
00QS200000WDsub,2026-10-06,baseline
00QS200000WDscr,2026-10-06,baseline
00QS200000WDsZd,2026-10-06,baseline
00QS200000WDsOL,2026-10-06,baseline
00QS200000WDsMj,2026-10-06,baseline
00QS200000WDsL7,2026-10-06,baseline
00QS200000WDsJV,2026-10-06,baseline
00QS200000WDsGH,2026-10-06,baseline
00QS200000WDs9r,2026-10-06,baseline
00QS200000WDs6c,2026-10-06,baseline
00QS200000WDrww,2026-10-06,baseline
00QS200000WDror,2026-10-06,baseline
00QS200000WDrnF,2026-10-06,baseline
00QS200000WDrld,2026-10-06,baseline
00QS200000WDriQ,2026-10-06,baseline
00QS200000WDrgn,2026-10-06,baseline
00QS200000WDrdZ,2026-10-06,baseline
00QS200000WDrVW,2026-10-06,baseline
00QS200000WDrTt,2026-10-06,baseline
00QS200000WDrIc,2026-10-06,baseline
00QS200000WDr7J,2026-10-06,baseline
00QS200000WDr5h,2026-10-06,baseline
00QS200000WDqzI,2026-10-06,baseline
00QS200000WDqsn,2026-10-06,baseline
00QS200000WDqpa,2026-10-06,baseline
00QS200000WDqpZ,2026-10-06,baseline
00QS200000WDqny,2026-10-06,baseline
00QS200000WDqkl,2026-10-06,baseline
00QS200000WDqhX,2026-10-06,baseline
00QS200000WDqhW,2026-10-06,baseline
00QS200000WDqft,2026-10-06,baseline
00QS200000WDqeH,2026-10-06,baseline
00QS200000WDqWE,2026-10-06,baseline
00QS200000WDqO9,2026-10-06,baseline
00QS200000WDqMX,2026-10-06,baseline
00QS200000WDqKv,2026-10-06,baseline
00QS200000WDqCr,2026-10-06,baseline
00QS200000WDq84,2026-10-06,baseline
00QS200000WDq4o,2026-10-06,baseline
00QS200000WDq4n,2026-10-06,baseline
00QS200000WDpwl,2026-10-06,baseline
00QS200000WDpn7,2026-10-06,baseline
00QS200000WDplS,2026-10-06,baseline
00QS200000WDpdR,2026-10-06,baseline
00QS200000WDpa9,2026-10-06,baseline
00QS200000WDpK1,2026-10-06,baseline
00QS200000WDp5V,2026-10-06,baseline
00QS200000WDp3t,2026-10-06,baseline
00QS200000WDovr,2026-10-06,baseline
00QS200000WDouD,2026-10-06,baseline
00QS200000WDosb,2026-10-06,baseline
00QS200000WDoqz,2026-10-06,baseline
00QS200000WDokY,2026-10-06,baseline
00QS200000WDoiw,2026-10-06,baseline
00QS200000WDocU,2026-10-06,baseline
00QS200000WDocT,2026-10-06,baseline
00QS200000WDoZF,2026-10-06,baseline
00QS200000WDnzm,2026-10-06,baseline
00QS200000WDny9,2026-10-06,baseline
00QS200000WDnuv,2026-10-06,baseline
00QS200000WDnq5,2026-10-06,baseline
00QS200000WDnjd,2026-10-06,baseline
00QS200000WDnbb,2026-10-06,baseline
00QS200000WDnTV,2026-10-06,baseline
00QS200000WDnRv,2026-10-06,baseline
00QS200000WDnJp,2026-10-06,baseline
00QS200000WDn25,2026-10-06,baseline
00QS200000WDn0U,2026-10-06,baseline
00QS200000WDmxF,2026-10-06,baseline
00QS200000WDmu2,2026-10-06,baseline
00QS200000WDmdt,2026-10-06,baseline
00QS200000WDmZ3,2026-10-06,baseline
00QS200000WDmQz,2026-10-06,baseline
00QS200000WDmFh,2026-10-06,baseline
00QS200000WDlxy,2026-10-06,baseline
00QS200000WDluj,2026-10-06,baseline
00QS200000WDltC,2026-10-06,baseline
00QS200000WDljT,2026-10-06,baseline
00QS200000WDlgD,2026-10-06,baseline
00QS200000WDleb,2026-10-06,baseline
00QS200000WDlEn,2026-10-06,baseline
00QS200000WDlDB,2026-10-06,baseline
00QS200000WDkx5,2026-10-06,baseline
00QS200000WDknN,2026-10-06,baseline
00QS200000WDkk9,2026-10-06,baseline
00QS200000WDkiX,2026-10-06,baseline
00QS200000WDkgv,2026-10-06,baseline
00QS200000WDkfJ,2026-10-06,baseline
00QS200000WDkc5,2026-10-06,baseline
00QS200000WDkSP,2026-10-06,baseline
00QS200000WDkNa,2026-10-06,baseline
00QS200000WDkFW,2026-10-06,baseline
00QS200000WDkDt,2026-10-06,baseline
00QS200000WDjw9,2026-10-06,baseline
00QS200000WDjjF,2026-10-06,baseline
00QS200000WDjZZ,2026-10-06,baseline
00QS200000WDjXx,2026-10-06,baseline
00QS200000WDjPt,2026-10-06,baseline
00QS200000WDjBN,2026-10-06,baseline
00QS200000WDj6X,2026-10-06,baseline
00QS200000WDj06,2026-10-06,baseline
00QS200000WDite,2026-10-06,baseline
00QS200000WDitd,2026-10-06,baseline
00QS200000WDiqP,2026-10-06,baseline
00QS200000WDiTs,2026-10-06,baseline
00QS200000WDiOz,2026-10-06,baseline
00QS200000WDiC5,2026-10-06,baseline
00QS200000WDi0o,2026-10-06,baseline
00QS200000WDhvx,2026-10-06,baseline
00QS200000WDhnt,2026-10-06,baseline
00QS200000WDhkf,2026-10-06,baseline
00QS200000WDhUY,2026-10-06,baseline
00QS200000WDhKr,2026-10-06,baseline
00QS200000WDh6L,2026-10-06,baseline
00QS200000WDgqD,2026-10-06,baseline
00QS200000WDgjm,2026-10-06,baseline
00QS200000WDga5,2026-10-06,baseline
00QS200000WDgYV,2026-10-06,baseline
00QS200000WDgNB,2026-10-06,baseline
00QS200000WDgDX,2026-10-06,baseline
00QS200000WDfqx,2026-10-06,baseline
00QS200000WDfkW,2026-10-06,baseline
00QS200000WDfir,2026-10-06,baseline
00QS200000WDfJ3,2026-10-06,baseline
00QS200000WDfEG,2026-10-06,baseline
00QS200000WDf1J,2026-10-06,baseline
00QS200000WDezh,2026-10-06,baseline
00QS200000WDehy,2026-10-06,baseline
00QS200000WDeV3,2026-10-06,baseline
00QS200000WDeTR,2026-10-06,baseline
00QS200000WDeJm,2026-10-06,baseline
00QS200000WDeJl,2026-10-06,baseline
00QS200000WDe22,2026-10-06,baseline
00QS200000WDdxC,2026-10-06,baseline
00QS200000WDdtx,2026-10-06,baseline
00QS200000WDdh3,2026-10-06,baseline
00QS200000WDdYz,2026-10-06,baseline
00QS200000WDdXN,2026-10-06,baseline
00QS200000WDdVl,2026-10-06,baseline
00QS200000WDdIs,2026-10-06,baseline
00QS200000WDdCP,2026-10-06,baseline
00QS200000WDd4L,2026-10-06,baseline
00QS200000WDcwJ,2026-10-06,baseline
00QS200000WDcwH,2026-10-06,baseline
00QS200000WDcuf,2026-10-06,baseline
00QS200000WDcmb,2026-10-06,baseline
00QS200000WDcg9,2026-10-06,baseline
00QS200000WDcWT,2026-10-06,baseline
00QS200000WDcGM,2026-10-06,baseline
00QS200000WDcGL,2026-10-06,baseline
00QS200000WDcD7,2026-10-06,baseline
00QS200000WDc9u,2026-10-06,baseline
00QS200000WDc0E,2026-10-06,baseline
00QS200000WDbx0,2026-10-06,baseline
00QS200000WDbtm,2026-10-06,baseline
00QS200000WDbtl,2026-10-06,baseline
00QS200000WDbov,2026-10-06,baseline
00QS200000WDbfF,2026-10-06,baseline
00QS200000WDbVb,2026-10-06,baseline
00QS200000WDbVZ,2026-10-06,baseline
00QS200000WDbQj,2026-10-06,baseline
00QS200000WDbNV,2026-10-06,baseline
00QS200000WDbAc,2026-10-06,baseline
00QS200000WDb2X,2026-10-06,baseline
00QS200000WDaZV,2026-10-06,baseline
00QS200000WDaWI,2026-10-06,baseline
00QS200000WDaUg,2026-10-06,baseline
00QS200000WDaL0,2026-10-06,baseline
00QS200000WDaGA,2026-10-06,baseline
00QS200000WDa85,2026-10-06,baseline
00QS200000WDa4t,2026-10-06,baseline
00QS200000WDZvB,2026-10-06,baseline
00QS200000WDZn7,2026-10-06,baseline
00QS200000WDZiH,2026-10-06,baseline
00QS200000WDZgf,2026-10-06,baseline
00QS200000WDZNJ,2026-10-06,baseline
00QS200000WDZFG,2026-10-06,baseline
00QS200000WDZAR,2026-10-06,baseline
00QS200000WDZ8n,2026-10-06,baseline
00QS200000WDZ5a,2026-10-06,baseline
00QS200000WDYSr,2026-10-06,baseline
00QS200000WDYB7,2026-10-06,baseline
00QS200000WDY9V,2026-10-06,baseline
00QS200000WDY7w,2026-10-06,baseline
00QS200000WDY7v,2026-10-06,baseline
00QS200000WDXwf,2026-10-06,baseline
00QS200000WDXuz,2026-10-06,baseline
00QS200000WDXDT,2026-10-06,baseline
00QS200000WDX8b,2026-10-06,baseline
00QS200000WDWfe,2026-10-06,baseline
00QS200000WDWUH,2026-10-06,baseline
00QS200000WDWSf,2026-10-06,baseline
00QS200000WDWPR,2026-10-06,baseline
00QS200000WDWNp,2026-10-06,baseline
00QS200000WDWJ0,2026-10-06,baseline
00QS200000WDWIz,2026-10-06,baseline
00QS200000WDW4U,2026-10-06,baseline
00QS200000WDVwQ,2026-10-06,baseline
00QS200000WDVjX,2026-10-06,baseline
00QS200000WDVjV,2026-10-06,baseline
00QS200000WDVbS,2026-10-06,baseline
00QS200000WDVMv,2026-10-06,baseline
00QS200000WDVI6,2026-10-06,baseline
00QS200000WDV6p,2026-10-06,baseline
00QS200000WDUqg,2026-10-06,baseline
00QS200000WDUFa,2026-10-06,baseline
00QS200000WDTTE,2026-10-06,baseline
00QS200000WDTMj,2026-10-06,baseline
00QS200000WDQWv,2026-10-06,baseline
00QS200000WDQVJ,2026-10-06,baseline
00QS200000WDQTi,2026-10-06,baseline
00QS200000WDQNF,2026-10-06,baseline
00QS200000WDPkY,2026-10-06,baseline
00QS200000WDPfh,2026-10-06,baseline
00QS200000WDPZF,2026-10-06,baseline
00QS200000WDPXd,2026-10-06,baseline
00QS200000WDPSn,2026-10-06,baseline
00QS200000WDPNx,2026-10-06,baseline
00QS200000WDPHX,2026-10-06,baseline
00QS200000WDPEH,2026-10-06,baseline
00QS200000WDP7q,2026-10-06,baseline
00QS200000WDP2z,2026-10-06,baseline
00QS200000WDOwX,2026-10-06,baseline
00QS200000WDOuv,2026-10-06,baseline
00QS200000WDOrh,2026-10-06,baseline
00QS200000WDOoT,2026-10-06,baseline
00QS200000WDOjd,2026-10-06,baseline
00QS200000WDOZx,2026-10-06,baseline
00QS200000WDOV8,2026-10-06,baseline
00QS200000WDOTW,2026-10-06,baseline
00QS200000WDON3,2026-10-06,baseline
00QS200000WDOID,2026-10-06,baseline
00QS200000WDOEz,2026-10-06,baseline
00QS200000WDOBm,2026-10-06,baseline
00QS200000WDOA9,2026-10-06,baseline
00QS200000WDO5K,2026-10-06,baseline
00QS200000WDO5J,2026-10-06,baseline
00QS200000WDNys,2026-10-06,baseline
00QS200000WDNu4,2026-10-06,baseline
00QS200000WDNu3,2026-10-06,baseline
00QS200000WDNsQ,2026-10-06,baseline
00QS200000WDNpB,2026-10-06,baseline
00QS200000WDNlx,2026-10-06,baseline
00QS200000WDNdt,2026-10-06,baseline
00QS200000WDNZ3,2026-10-06,baseline
00QS200000WDNXT,2026-10-06,baseline
00QS200000WDNXS,2026-10-06,baseline
00QS200000WDNUD,2026-10-06,baseline
00QS200000WDNSb,2026-10-06,baseline
00QS200000WDNQz,2026-10-06,baseline
00QS200000WDNHJ,2026-10-06,baseline
00QS200000WDNFh,2026-10-06,baseline
00QS200000WDNCU,2026-10-06,baseline
00QS200000WDNCT,2026-10-06,baseline
00QS200000WDN9F,2026-10-06,baseline
00QS200000WDN7d,2026-10-06,baseline
00QS200000WDN2o,2026-10-06,baseline
00QS200000WDMzZ,2026-10-06,baseline
00QS200000WDMxx,2026-10-06,baseline
00QS200000WDMwL,2026-10-06,baseline
00QS200000WDMuk,2026-10-06,baseline
00QS200000WDMuj,2026-10-06,baseline
00QS200000WDMrV,2026-10-06,baseline
00QS200000WDMhp,2026-10-06,baseline
00QS200000WDMgE,2026-10-06,baseline
00QS200000WDMd0,2026-10-06,baseline
00QS200000WDMWZ,2026-10-06,baseline
00QS200000WDMUx,2026-10-06,baseline
00QS200000WDMQ6,2026-10-06,baseline
00QS200000WDMQ5,2026-10-06,baseline
00QS200000WDMOT,2026-10-06,baseline
00QS200000WDMMr,2026-10-06,baseline
00QS200000WDM3W,2026-10-06,baseline
00QS200000WDM0H,2026-10-06,baseline
00QS200000WDLyf,2026-10-06,baseline
00QS200000WDLvR,2026-10-06,baseline
00QS200000WDLsD,2026-10-06,baseline
00QS200000WDLkA,2026-10-06,baseline
00QS200000WDLk9,2026-10-06,baseline
00QS200000WDLiZ,2026-10-06,baseline
00QS200000WDLdj,2026-10-06,baseline
00QS200000WDLdh,2026-10-06,baseline
00QS200000WDLaV,2026-10-06,baseline
00QS200000WDLaU,2026-10-06,baseline
00QS200000WDLXG,2026-10-06,baseline
00QS200000WDLXF,2026-10-06,baseline
00QS200000WDLNZ,2026-10-06,baseline
00QS200000WDLKN,2026-10-06,baseline
00QS200000WDLKM,2026-10-06,baseline
00QS200000WDLKL,2026-10-06,baseline
00QS200000WDLIj,2026-10-06,baseline
00QS200000WDLCH,2026-10-06,baseline
00QS200000WDL93,2026-10-06,baseline
00QS200000WDKrJ,2026-10-06,baseline
00QS200000WDKmU,2026-10-06,baseline
00QS200000WDKks,2026-10-06,baseline
00QS200000WDKkr,2026-10-06,baseline
00QS200000WDKhd,2026-10-06,baseline
00QS200000WDKg1,2026-10-06,baseline
00QS200000WDKeQ,2026-10-06,baseline
00QS200000WDKeP,2026-10-06,baseline
00QS200000WDKcn,2026-10-06,baseline
00QS200000WDKZZ,2026-10-06,baseline
00QS200000WDKL5,2026-10-06,baseline
00QS200000WDKBO,2026-10-06,baseline
00QS200000WDKBN,2026-10-06,baseline
00QS200000WDK4v,2026-10-06,baseline
00QS200000WDK3J,2026-10-06,baseline
00QS200000WDK1h,2026-10-06,baseline
00QS200000WDJyT,2026-10-06,baseline
00QS200000WDJwr,2026-10-06,baseline
00QS200000WDJnD,2026-10-06,baseline
00QS200000WDJlb,2026-10-06,baseline
00QS200000WDJgk,2026-10-06,baseline
00QS200000WDJfB,2026-10-06,baseline
00QS200000WDJf9,2026-10-06,baseline
00QS200000WDJf8,2026-10-06,baseline
00QS200000WDJf7,2026-10-06,baseline
00QS200000WDJdY,2026-10-06,baseline
00QS200000WDJdW,2026-10-06,baseline
00QS200000WDJQb,2026-10-06,baseline
00QS200000WDJNN,2026-10-06,baseline
00QS200000WDJLl,2026-10-06,baseline
00QS200000WDJAU,2026-10-06,baseline
00QS200000WDJ5e,2026-10-06,baseline
00QS200000WDIzC,2026-10-06,baseline
00QS200000WDIj4,2026-10-06,baseline
00QS200000WDIhS,2026-10-06,baseline
00QS200000WDIfq,2026-10-06,baseline
00QS200000WDIfp,2026-10-06,baseline
00QS200000WDIeD,2026-10-06,baseline
00QS200000WDIcb,2026-10-06,baseline
00QS200000WDIZN,2026-10-06,baseline
00QS200000WDIXl,2026-10-06,baseline
00QS200000WDISw,2026-10-06,baseline
00QS200000WDI7y,2026-10-06,baseline
00QS200000WDI4l,2026-10-06,baseline
00QS200000WDHzt,2026-10-06,baseline
00QS200000WDHyJ,2026-10-06,baseline
00QS200000WDHyI,2026-10-06,baseline
00QS200000WDHtT,2026-10-06,baseline
00QS200000WDHrq,2026-10-06,baseline
00QS200000WDHqD,2026-10-06,baseline
00QS200000WDHmz,2026-10-06,baseline
00QS200000WDHjl,2026-10-06,baseline
00QS200000WDHev,2026-10-06,baseline
00QS200000WDHa6,2026-10-06,baseline
00QS200000WDHWs,2026-10-06,baseline
00QS200000WDHF7,2026-10-06,baseline
00QS200000WDH8h,2026-10-06,baseline
00QS200000WDH8g,2026-10-06,baseline
00QS200000WDH3p,2026-10-06,baseline
00QS200000WDGyz,2026-10-06,baseline
00QS200000WDGxQ,2026-10-06,baseline
00QS200000WDGxP,2026-10-06,baseline
00QS200000WDGxO,2026-10-06,baseline
00QS200000WDGvl,2026-10-06,baseline
00QS200000WDGu9,2026-10-06,baseline
00QS200000WDGsX,2026-10-06,baseline
00QS200000WDGqv,2026-10-06,baseline
00QS200000WDGpJ,2026-10-06,baseline
00QS200000WDGnh,2026-10-06,baseline
00QS200000WDGkT,2026-10-06,baseline
00QS200000WDGan,2026-10-06,baseline
00QS200000WDGXZ,2026-10-06,baseline
00QS200000WDGVx,2026-10-06,baseline
00QS200000WDGKh,2026-10-06,baseline
00QS200000WDGKg,2026-10-06,baseline
00QS200000WDG7m,2026-10-06,baseline
00QS200000WDG69,2026-10-06,baseline
00QS200000WDFzi,2026-10-06,baseline
00QS200000WDFoQ,2026-10-06,baseline
00QS200000WDFgM,2026-10-06,baseline
00QS200000WDFgL,2026-10-06,baseline
00QS200000WDFbX,2026-10-06,baseline
00QS200000WDFZu,2026-10-06,baseline
00QS200000WDFYH,2026-10-06,baseline
00QS200000WDFOb,2026-10-06,baseline
00QS200000WDFLN,2026-10-06,baseline
00QS200000WDFEz,2026-10-06,baseline
00QS200000WDFBh,2026-10-06,baseline
00QS200000WDExB,2026-10-06,baseline
00QS200000WDEql,2026-10-06,baseline
00QS200000WDEnV,2026-10-06,baseline
00QS200000WDEkH,2026-10-06,baseline
00QS200000WDEif,2026-10-06,baseline
00QS200000WDEfR,2026-10-06,baseline
00QS200000WDEYz,2026-10-06,baseline
00QS200000WDEU9,2026-10-06,baseline
00QS200000WDEQw,2026-10-06,baseline
00QS200000WDEM7,2026-10-06,baseline
00QS200000WDEM5,2026-10-06,baseline
00QS200000WDEIs,2026-10-06,baseline
00QS200000WDEFe,2026-10-06,baseline
00QS200000WDEAn,2026-10-06,baseline
00QS200000WDE4P,2026-10-06,baseline
00QS200000WDE2l,2026-10-06,baseline
00QS200000WDDwH,2026-10-06,baseline
00QS200000WDDpp,2026-10-06,baseline
00QS200000WDDoD,2026-10-06,baseline
00QS200000WDDeX,2026-10-06,baseline
00QS200000WDDGL,2026-10-06,baseline
00QS200000WDD8J,2026-10-06,baseline
00QS200000WDD54,2026-10-06,baseline
00QS200000WDD0E,2026-10-06,baseline
00QS200000WDCvO,2026-10-06,baseline
00QS200000WDCtn,2026-10-06,baseline
00QS200000WDCTx,2026-10-06,baseline
00QS200000WDCSM,2026-10-06,baseline
00QS200000WDCQj,2026-10-06,baseline
00QS200000WDCDr,2026-10-06,baseline
00QS200000WDCDp,2026-10-06,baseline
00QS200000WDCCE,2026-10-06,baseline
00QS200000WDBzL,2026-10-06,baseline
00QS200000WDBzK,2026-10-06,baseline
00QS200000WDBmR,2026-10-06,baseline
00QS200000WDBXt,2026-10-06,baseline
00QS200000WDBKz,2026-10-06,baseline
00QS200000WDBJN,2026-10-06,baseline
00QS200000WDBHl,2026-10-06,baseline
00QS200000WDBEX,2026-10-06,baseline
00QS200000WDB1d,2026-10-06,baseline
00QS200000WDAwn,2026-10-06,baseline
00QS200000WDAok,2026-10-06,baseline
00QS200000WDAbr,2026-10-06,baseline
00QS200000WDAOx,2026-10-06,baseline
00QS200000WDALh,2026-10-06,baseline
00QS200000WDAFF,2026-10-06,baseline
00QS200000WDAC3,2026-10-06,baseline
00QS200000WDA8o,2026-10-06,baseline
00QS200000WD9uJ,2026-10-06,baseline
00QS200000WD9sg,2026-10-06,baseline
00QS200000WD9nq,2026-10-06,baseline
00QS200000WD9np,2026-10-06,baseline
00QS200000WD9kd,2026-10-06,baseline
00QS200000WD9kc,2026-10-06,baseline
00QS200000WD9cX,2026-10-06,baseline
00QS200000WD9ZJ,2026-10-06,baseline
00QS200000WD9Pd,2026-10-06,baseline
00QS200000WD94f,2026-10-06,baseline
00QS200000WD935,2026-10-06,baseline
00QS200000WD91R,2026-10-06,baseline
00QS200000WD8zq,2026-10-06,baseline
00QS200000WD8Wn,2026-10-06,baseline
00QS200000WD8Jv,2026-10-06,baseline
00QS200000WD8Gf,2026-10-06,baseline
00QS200000WD80Y,2026-10-06,baseline
00QS200000WD7yw,2026-10-06,baseline
00QS200000WD7u6,2026-10-06,baseline
00QS200000WD7qr,2026-10-06,baseline
00QS200000WD7m1,2026-10-06,baseline
00QS200000WD7PS,2026-10-06,baseline
00QS200000WD7Kc,2026-10-06,baseline
00QS200000WD7CY,2026-10-06,baseline
00QS200000WD71G,2026-10-06,baseline
00QS200000WD6wR,2026-10-06,baseline
00QS200000WD6d4,2026-10-06,baseline
00QS200000WD65D,2026-10-06,baseline
00QS200000WD5id,2026-10-06,baseline
00QS200000WD57X,2026-10-06,baseline
00QS200000WD516,2026-10-06,baseline
00QS200000WD4OL,2026-10-06,baseline
00QS200000WD4GH,2026-10-06,baseline
00QS200000WD48D,2026-10-06,baseline
00QS200000WD41m,2026-10-06,baseline
00QS200000WD3wv,2026-10-06,baseline
00QS200000WD3vJ,2026-10-06,baseline
00QS200000WD3k1,2026-10-06,baseline
00QS200000WD3gn,2026-10-06,baseline
00QS200000WD3bx,2026-10-06,baseline
00QS200000WD3Yj,2026-10-06,baseline
00QS200000WD3P3,2026-10-06,baseline
00QS200000WD38y,2026-10-06,baseline
00QS200000WD35h,2026-10-06,baseline
00QS200000WD2xd,2026-10-06,baseline
00QS200000WD2sn,2026-10-06,baseline
00QS200000WD2WI,2026-10-06,baseline
00QS200000WD2WD,2026-10-06,baseline
00QS200000WD2T0,2026-10-06,baseline
00QS200000WD2Sz,2026-10-06,baseline
00QS200000WD2RP,2026-10-06,baseline
00QS200000WD2RN,2026-10-06,baseline
00QS200000WD2Kw,2026-10-06,baseline
00QS200000WD282,2026-10-06,baseline
00QS200000WD24o,2026-10-06,baseline
00QS200000WD21Z,2026-10-06,baseline
00QS200000WD1zx,2026-10-06,baseline
00QS200000WD1dP,2026-10-06,baseline
00QS200000WD1dO,2026-10-06,baseline
00QS200000WD1QT,2026-10-06,baseline
00QS200000WD1Or,2026-10-06,baseline
00QS200000WD1Gn,2026-10-06,baseline
00QS200000WD15V,2026-10-06,baseline
00QS200000WD10g,2026-10-06,baseline
00QS200000WD0uE,2026-10-06,baseline
00QS200000WD0r0,2026-10-06,baseline
00QS200000WD0qz,2026-10-06,baseline
00QS200000WD0hJ,2026-10-06,baseline
00QS200000WD0fh,2026-10-06,baseline
00QS200000WD0as,2026-10-06,baseline
00QS200000WD0Sn,2026-10-06,baseline
00QS200000WD0Nx,2026-10-06,baseline
00QS200000WD0J7,2026-10-06,baseline
00QS200000WCzuv,2026-10-06,baseline
00QS200000WCztJ,2026-10-06,baseline
00QS200000WCzi3,2026-10-06,baseline
00QS200000WCzi2,2026-10-06,baseline
00QS200000WCzV8,2026-10-06,baseline
00QS200000WCzN3,2026-10-06,baseline
00QS200000WCz3h,2026-10-06,baseline
00QS200000WCyxF,2026-10-06,baseline
00QS200000WCycH,2026-10-06,baseline
00QS200000WCyNl,2026-10-06,baseline
00QS200000WCyIw,2026-10-06,baseline
00QS200000WCyFi,2026-10-06,baseline
00QS200000WCy9F,2026-10-06,baseline
00QS200000WCy61,2026-10-06,baseline
00QS200000WCxmf,2026-10-06,baseline
00QS200000WCxgD,2026-10-06,baseline
00QS200000WCxZn,2026-10-06,baseline
00QS200000WCxYB,2026-10-06,baseline
00QS200000WCxRh,2026-10-06,baseline
00QS200000WCxQ5,2026-10-06,baseline
00QS200000WCxMr,2026-10-06,baseline
00QS200000WCx9x,2026-10-06,baseline
00QS200000WCx8O,2026-10-06,baseline
00QS200000WCx3W,2026-10-06,baseline
00QS200000WCwnN,2026-10-06,baseline
00QS200000WCwk9,2026-10-06,baseline
00QS200000WCwdh,2026-10-06,baseline
00QS200000WCwc6,2026-10-06,baseline
00QS200000WCwPB,2026-10-06,baseline
00QS200000WCwNc,2026-10-06,baseline
00QS200000WCwNa,2026-10-06,baseline
00QS200000WCwLx,2026-10-06,baseline
00QS200000WCw2b,2026-10-06,baseline
00QS200000WCvxl,2026-10-06,baseline
00QS200000WCvo6,2026-10-06,baseline
00QS200000WCvZZ,2026-10-06,baseline
00QS200000WCvBO,2026-10-06,baseline
00QS200000WCv89,2026-10-06,baseline
00QS200000WCv4w,2026-10-06,baseline
00QS200000WCv1i,2026-10-06,baseline
00QS200000WCv1h,2026-10-06,baseline
00QS200000WCuoo,2026-10-06,baseline
00QS200000WCugj,2026-10-06,baseline
00QS200000WCuf8,2026-10-06,baseline
00QS200000WCuf7,2026-10-06,baseline
00QS200000WCudV,2026-10-06,baseline
00QS200000WCuK9,2026-10-06,baseline
00QS200000WCuIX,2026-10-06,baseline
00QS200000WCuGv,2026-10-06,baseline
00QS200000WCu5f,2026-10-06,baseline
00QS200000WCtuM,2026-10-06,baseline
00QS200000WCtpX,2026-10-06,baseline
00QS200000WCtpW,2026-10-06,baseline
00QS200000WCtkg,2026-10-06,baseline
00QS200000WCtj3,2026-10-06,baseline
00QS200000WCthR,2026-10-06,baseline
00QS200000WCtfq,2026-10-06,baseline
00QS200000WCteD,2026-10-06,baseline
00QS200000WCtXl,2026-10-06,baseline
00QS200000WCtRL,2026-10-06,baseline
00QS200000WCtO6,2026-10-06,baseline
00QS200000WCtO5,2026-10-06,baseline
00QS200000WCtHe,2026-10-06,baseline
00QS200000WCtG1,2026-10-06,baseline
00QS200000WCtBB,2026-10-06,baseline
00QS200000WCt7z,2026-10-06,baseline
00QS200000WCt7x,2026-10-06,baseline
00QS200000WCt6N,2026-10-06,baseline
00QS200000WCt6L,2026-10-06,baseline
00QS200000WCt1V,2026-10-06,baseline
00QS200000WCslN,2026-10-06,baseline
00QS200000WCsjl,2026-10-06,baseline
00QS200000WCsbh,2026-10-06,baseline
00QS200000WCsYT,2026-10-06,baseline
00QS200000WCsIL,2026-10-06,baseline
00QS200000WCsBt,2026-10-06,baseline
00QS200000WCs74,2026-10-06,baseline
00QS200000WCrxO,2026-10-06,baseline
00QS200000WCrvl,2026-10-06,baseline
00QS200000WCru9,2026-10-06,baseline
00QS200000WCrm6,2026-10-06,baseline
00QS200000WCrcQ,2026-10-06,baseline
00QS200000WCran,2026-10-06,baseline
00QS200000WCrMH,2026-10-06,baseline
00QS200000WCrJ4,2026-10-06,baseline
00QS200000WCrB3,2026-10-06,baseline
00QS200000WCr1K,2026-10-06,baseline
00QS200000WCqoR,2026-10-06,baseline
00QS200000WCqmo,2026-10-06,baseline
00QS200000WCqbW,2026-10-06,baseline
00QS200000WCqIB,2026-10-06,baseline
00QS200000WCq3e,2026-10-06,baseline
00QS200000WCpyn,2026-10-06,baseline
00QS200000WCptz,2026-10-06,baseline
00QS200000WCpqk,2026-10-06,baseline
00QS200000WCpqj,2026-10-06,baseline
00QS200000WCplv,2026-10-06,baseline
00QS200000WCplt,2026-10-06,baseline
00QS200000WCpcG,2026-10-06,baseline
00QS200000WCpU9,2026-10-06,baseline
00QS200000WCpSX,2026-10-06,baseline
00QS200000WCpQv,2026-10-06,baseline
00QS200000WCpKU,2026-10-06,baseline
00QS200000WCpIr,2026-10-06,baseline
00QS200000WCpHF,2026-10-06,baseline
00QS200000WCpE2,2026-10-06,baseline
00QS200000WCp17,2026-10-06,baseline
00QS200000WCot3,2026-10-06,baseline
00QS200000WCooE,2026-10-06,baseline
00QS200000WComd,2026-10-06,baseline
00QS200000WComb,2026-10-06,baseline
00QS200000WCojP,2026-10-06,baseline
00QS200000WCogA,2026-10-06,baseline
00QS200000WCoZh,2026-10-06,baseline
00QS200000WCoOP,2026-10-06,baseline
00QS200000WCo1p,2026-10-06,baseline
00QS200000WCnwz,2026-10-06,baseline
00QS200000WCntm,2026-10-06,baseline
00QS200000WCnow,2026-10-06,baseline
00QS200000WCnov,2026-10-06,baseline
00QS200000WCniT,2026-10-06,baseline
00QS200000WCngr,2026-10-06,baseline
00QS200000WCnc1,2026-10-06,baseline
00QS200000WCnaP,2026-10-06,baseline
00QS200000WCnYn,2026-10-06,baseline
00QS200000WCnNV,2026-10-06,baseline
00QS200000WCnLt,2026-10-06,baseline
00QS200000WCnH3,2026-10-06,baseline
00QS200000WCnAb,2026-10-06,baseline
00QS200000WCn8z,2026-10-06,baseline
00QS200000WCn7N,2026-10-06,baseline
00QS200000WCn49,2026-10-06,baseline
00QS200000WCmzJ,2026-10-06,baseline
00QS200000WCmuT,2026-10-06,baseline
00QS200000WCmrF,2026-10-06,baseline
00QS200000WCmjB,2026-10-06,baseline
00QS200000WCmhZ,2026-10-06,baseline
00QS200000WCmfx,2026-10-06,baseline
00QS200000WCmPp,2026-10-06,baseline
00QS200000WCmOD,2026-10-06,baseline
00QS200000WCmMb,2026-10-06,baseline
00QS200000WCmKz,2026-10-06,baseline
00QS200000WCmHl,2026-10-06,baseline
00QS200000WCmG9,2026-10-06,baseline
00QS200000WCmEX,2026-10-06,baseline
00QS200000WCmCw,2026-10-06,baseline
00QS200000WCmCv,2026-10-06,baseline
00QS200000WCmBJ,2026-10-06,baseline
00QS200000WCm9h,2026-10-06,baseline
00QS200000WCm85,2026-10-06,baseline
00QS200000WCm6T,2026-10-06,baseline
00QS200000WCm4r,2026-10-06,baseline
00QS200000WCm3F,2026-10-06,baseline
00QS200000WCm1d,2026-10-06,baseline
00QS200000WCm01,2026-10-06,baseline
00QS200000WClyP,2026-10-06,baseline
00QS200000WClwn,2026-10-06,baseline
00QS200000WClvB,2026-10-06,baseline
00QS200000WCltZ,2026-10-06,baseline
00QS200000WClrx,2026-10-06,baseline
00QS200000WClqN,2026-10-06,baseline
00QS200000WClqM,2026-10-06,baseline
00QS200000WClqL,2026-10-06,baseline
00QS200000WCloj,2026-10-06,baseline
00QS200000WCln7,2026-10-06,baseline
00QS200000WCllX,2026-10-06,baseline
00QS200000WCllV,2026-10-06,baseline
00QS200000WCljt,2026-10-06,baseline
00QS200000WCliJ,2026-10-06,baseline
00QS200000WCliI,2026-10-06,baseline
00QS200000WCliH,2026-10-06,baseline
00QS200000WClgf,2026-10-06,baseline
00QS200000WClf3,2026-10-06,baseline
00QS200000WCldR,2026-10-06,baseline
00QS200000WClbp,2026-10-06,baseline
00QS200000WClaD,2026-10-06,baseline
00QS200000WClYb,2026-10-06,baseline
00QS200000WClWz,2026-10-06,baseline
00QS200000WClVN,2026-10-06,baseline
00QS200000WClTl,2026-10-06,baseline
00QS200000WClS9,2026-10-06,baseline
00QS200000WClQX,2026-10-06,baseline
00QS200000WClOv,2026-10-06,baseline
00QS200000WClNJ,2026-10-06,baseline
00QS200000WClLh,2026-10-06,baseline
00QS200000WClK5,2026-10-06,baseline
00QS200000WClIT,2026-10-06,baseline
00QS200000WClGr,2026-10-06,baseline
00QS200000WClFF,2026-10-06,baseline
00QS200000WClDe,2026-10-06,baseline
00QS200000WClDd,2026-10-06,baseline
00QS200000WClC4,2026-10-06,baseline
00QS200000WClC2,2026-10-06,baseline
00QS200000WClC1,2026-10-06,baseline
00QS200000WClAQ,2026-10-06,baseline
00QS200000WClAP,2026-10-06,baseline
00QS200000WCl8o,2026-10-06,baseline
00QS200000WCkxY,2026-10-06,baseline
00QS200000WCkxX,2026-10-06,baseline
00QS200000WCkxW,2026-10-06,baseline
00QS200000WCkxV,2026-10-06,baseline
00QS200000WCksf,2026-10-06,baseline
00QS200000WCkr3,2026-10-06,baseline
00QS200000WCknp,2026-10-06,baseline
00QS200000WCkmE,2026-10-06,baseline
00QS200000WCkj0,2026-10-06,baseline
00QS200000WCkiz,2026-10-06,baseline
00QS200000WCkfm,2026-10-06,baseline
00QS200000WCkeC,2026-10-06,baseline
00QS200000WCkeB,2026-10-06,baseline
00QS200000WCke9,2026-10-06,baseline
00QS200000WCkav,2026-10-06,baseline
00QS200000WCkUU,2026-10-06,baseline
00QS200000WCkSs,2026-10-06,baseline
00QS200000WCkRH,2026-10-06,baseline
00QS200000WCkRG,2026-10-06,baseline
00QS200000WCkO3,2026-10-06,baseline
00QS200000WCkMQ,2026-10-06,baseline
00QS200000WCkMP,2026-10-06,baseline
00QS200000WCkJD,2026-10-06,baseline
00QS200000WCkB9,2026-10-06,baseline
00QS200000WCkB8,2026-10-06,baseline
00QS200000WCk9W,2026-10-06,baseline
00QS200000WCk7u,2026-10-06,baseline
00QS200000WCk7t,2026-10-06,baseline
00QS200000WCk6H,2026-10-06,baseline
00QS200000WCk34,2026-10-06,baseline
00QS200000WCjzp,2026-10-06,baseline
00QS200000WCjtO,2026-10-06,baseline
00QS200000WCjoZ,2026-10-06,baseline
00QS200000WCjmv,2026-10-06,baseline
00QS200000WCjes,2026-10-06,baseline
00QS200000WCjdG,2026-10-06,baseline
00QS200000WCjYS,2026-10-06,baseline
00QS200000WCjYR,2026-10-06,baseline
00QS200000WCjWo,2026-10-06,baseline
00QS200000WCjTZ,2026-10-06,baseline
00QS200000WCjN7,2026-10-06,baseline
00QS200000WCjLX,2026-10-06,baseline
00QS200000WCjLW,2026-10-06,baseline
00QS200000WCjJt,2026-10-06,baseline
00QS200000WCjF4,2026-10-06,baseline
00QS200000WCjDR,2026-10-06,baseline
00QS200000WCjBq,2026-10-06,baseline
00QS200000WCjBp,2026-10-06,baseline
00QS200000WCjAD,2026-10-06,baseline
00QS200000WCj8c,2026-10-06,baseline
00QS200000WCj3m,2026-10-06,baseline
00QS200000WCj3l,2026-10-06,baseline
00QS200000WCiyw,2026-10-06,baseline
00QS200000WCixL,2026-10-06,baseline
00QS200000WCivi,2026-10-06,baseline
00QS200000WCiu5,2026-10-06,baseline
00QS200000WCine,2026-10-06,baseline
00QS200000WCiin,2026-10-06,baseline
00QS200000WCihB,2026-10-06,baseline
00QS200000WCicM,2026-10-06,baseline
00QS200000WCian,2026-10-06,baseline
00QS200000WCiZ9,2026-10-06,baseline
00QS200000WCiXV,2026-10-06,baseline
00QS200000WCiSf,2026-10-06,baseline
00QS200000WCiNr,2026-10-06,baseline
00QS200000WCiNq,2026-10-06,baseline
00QS200000WCiMD,2026-10-06,baseline
00QS200000WCiJ0,2026-10-06,baseline
00QS200000WCiCY,2026-10-06,baseline
00QS200000WCiCX,2026-10-06,baseline
00QS200000WCi9L,2026-10-06,baseline
00QS200000WCi9J,2026-10-06,baseline
00QS200000WCi7h,2026-10-06,baseline
00QS200000WCi65,2026-10-06,baseline
00QS200000WCi4U,2026-10-06,baseline
00QS200000WCi4T,2026-10-06,baseline
00QS200000WCi2r,2026-10-06,baseline
00QS200000WCi1I,2026-10-06,baseline
00QS200000WCi1H,2026-10-06,baseline
00QS200000WCi1F,2026-10-06,baseline
00QS200000WChzd,2026-10-06,baseline
00QS200000WChtC,2026-10-06,baseline
00QS200000WChl7,2026-10-06,baseline
00QS200000WChjV,2026-10-06,baseline
00QS200000WChhv,2026-10-06,baseline
00QS200000WChhu,2026-10-06,baseline
00QS200000WChht,2026-10-06,baseline
00QS200000WChgI,2026-10-06,baseline
00QS200000WChgH,2026-10-06,baseline
00QS200000WChei,2026-10-06,baseline
00QS200000WCheh,2026-10-06,baseline
00QS200000WCheg,2026-10-06,baseline
00QS200000WChef,2026-10-06,baseline
00QS200000WChd3,2026-10-06,baseline
00QS200000WChbS,2026-10-06,baseline
00QS200000WChbR,2026-10-06,baseline
00QS200000WChZp,2026-10-06,baseline
00QS200000WChYD,2026-10-06,baseline
00QS200000WChWb,2026-10-06,baseline
00QS200000WChTO,2026-10-06,baseline
00QS200000WChRm,2026-10-06,baseline
00QS200000WChRl,2026-10-06,baseline
00QS200000WChOZ,2026-10-06,baseline
00QS200000WChOY,2026-10-06,baseline
00QS200000WChJi,2026-10-06,baseline
00QS200000WChA1,2026-10-06,baseline
00QS200000WCh8R,2026-10-06,baseline
00QS200000WCh8P,2026-10-06,baseline
00QS200000WCh6o,2026-10-06,baseline
00QS200000WCh6n,2026-10-06,baseline
00QS200000WCh5B,2026-10-06,baseline
00QS200000WCh3Z,2026-10-06,baseline
00QS200000WCh1x,2026-10-06,baseline
00QS200000WCh0L,2026-10-06,baseline
00QS200000WCgyj,2026-10-06,baseline
00QS200000WCgx7,2026-10-06,baseline
00QS200000WCgnS,2026-10-06,baseline
00QS200000WCgnR,2026-10-06,baseline
00QS200000WCgkD,2026-10-06,baseline
00QS200000WCgic,2026-10-06,baseline
00QS200000WCgh1,2026-10-06,baseline
00QS200000WCgdl,2026-10-06,baseline
00QS200000WCgaX,2026-10-06,baseline
00QS200000WCgYv,2026-10-06,baseline
00QS200000WCgXJ,2026-10-06,baseline
00QS200000WCgVh,2026-10-06,baseline
00QS200000WCgU5,2026-10-06,baseline
00QS200000WCgST,2026-10-06,baseline
00QS200000WCgQr,2026-10-06,baseline
00QS200000WCgIn,2026-10-06,baseline
00QS200000WCgHB,2026-10-06,baseline
00QS200000WCgFZ,2026-10-06,baseline
00QS200000WCgDx,2026-10-06,baseline
00QS200000WCgCL,2026-10-06,baseline
00QS200000WCgAk,2026-10-06,baseline
00QS200000WCgAj,2026-10-06,baseline
00QS200000WCg7V,2026-10-06,baseline
00QS200000WCg5u,2026-10-06,baseline
00QS200000WCg4I,2026-10-06,baseline
00QS200000WCfzR,2026-10-06,baseline
00QS200000WCfxp,2026-10-06,baseline
00QS200000WCfwD,2026-10-06,baseline
00QS200000WCfub,2026-10-06,baseline
00QS200000WCfsz,2026-10-06,baseline
00QS200000WCfrN,2026-10-06,baseline
00QS200000WCfkv,2026-10-06,baseline
00QS200000WCfjJ,2026-10-06,baseline
00QS200000WCfhh,2026-10-06,baseline
00QS200000WCfg6,2026-10-06,baseline
00QS200000WCfg5,2026-10-06,baseline
00QS200000WCfeT,2026-10-06,baseline
00QS200000WCfcr,2026-10-06,baseline
00QS200000WCfbF,2026-10-06,baseline
00QS200000WCfZd,2026-10-06,baseline
00QS200000WCfPy,2026-10-06,baseline
00QS200000WCfOL,2026-10-06,baseline
00QS200000WCfMj,2026-10-06,baseline
00QS200000WCfD3,2026-10-06,baseline
00QS200000WCf4z,2026-10-06,baseline
00QS200000WCf3N,2026-10-06,baseline
00QS200000WCf1m,2026-10-06,baseline
00QS200000WCf1l,2026-10-06,baseline
00QS200000WCf0A,2026-10-06,baseline
00QS200000WCf09,2026-10-06,baseline
00QS200000WCeqU,2026-10-06,baseline
00QS200000WCeiP,2026-10-06,baseline
00QS200000WCegn,2026-10-06,baseline
00QS200000WCefB,2026-10-06,baseline
00QS200000WCedZ,2026-10-06,baseline
00QS200000WCebx,2026-10-06,baseline
00QS200000WCeaL,2026-10-06,baseline
00QS200000WCeYj,2026-10-06,baseline
00QS200000WCeX7,2026-10-06,baseline
00QS200000WCeVW,2026-10-06,baseline
00QS200000WCeVV,2026-10-06,baseline
00QS200000WCeTu,2026-10-06,baseline
00QS200000WCeSI,2026-10-06,baseline
00QS200000WCeLq,2026-10-06,baseline
00QS200000WCeDm,2026-10-06,baseline
00QS200000WCeC9,2026-10-06,baseline
00QS200000WCeAX,2026-10-06,baseline
00QS200000WCe8v,2026-10-06,baseline
00QS200000WCe7J,2026-10-06,baseline
00QS200000WCe5h,2026-10-06,baseline
00QS200000WCe45,2026-10-06,baseline
00QS200000WCdw1,2026-10-06,baseline
00QS200000WCduQ,2026-10-06,baseline
00QS200000WCduP,2026-10-06,baseline
00QS200000WCdsn,2026-10-06,baseline
00QS200000WCdrC,2026-10-06,baseline
00QS200000WCdrB,2026-10-06,baseline
00QS200000WCdpa,2026-10-06,baseline
00QS200000WCdmM,2026-10-06,baseline
00QS200000WCdmL,2026-10-06,baseline
00QS200000WCdkl,2026-10-06,baseline
00QS200000WCdkj,2026-10-06,baseline
00QS200000WCdj7,2026-10-06,baseline
00QS200000WCdhW,2026-10-06,baseline
00QS200000WCdhV,2026-10-06,baseline
00QS200000WCdft,2026-10-06,baseline
00QS200000WCdeH,2026-10-06,baseline
00QS200000WCdcf,2026-10-06,baseline
00QS200000WCdb3,2026-10-06,baseline
00QS200000WCdZR,2026-10-06,baseline
00QS200000WCdXp,2026-10-06,baseline
00QS200000WCdWE,2026-10-06,baseline
00QS200000WCdT1,2026-10-06,baseline
00QS200000WCdT0,2026-10-06,baseline
00QS200000WCdSz,2026-10-06,baseline
00QS200000WCdOA,2026-10-06,baseline
00QS200000WCdO9,2026-10-06,baseline
00QS200000WCdKv,2026-10-06,baseline
00QS200000WCdJJ,2026-10-06,baseline
00QS200000WCdHh,2026-10-06,baseline
00QS200000WCdG5,2026-10-06,baseline
00QS200000WCdET,2026-10-06,baseline
00QS200000WCdCt,2026-10-06,baseline
00QS200000WCdCr,2026-10-06,baseline
00QS200000WCdBF,2026-10-06,baseline
00QS200000WCd9d,2026-10-06,baseline
00QS200000WCd6R,2026-10-06,baseline
00QS200000WCd4n,2026-10-06,baseline
00QS200000WCd1Z,2026-10-06,baseline
00QS200000WCczz,2026-10-06,baseline
00QS200000WCczy,2026-10-06,baseline
00QS200000WCcwk,2026-10-06,baseline
00QS200000WCcqI,2026-10-06,baseline
00QS200000WCciE,2026-10-06,baseline
00QS200000WCcYX,2026-10-06,baseline
00QS200000WCcWw,2026-10-06,baseline
00QS200000WCcWv,2026-10-06,baseline
00QS200000WCcVK,2026-10-06,baseline
00QS200000WCcTk,2026-10-06,baseline
00QS200000WCcTj,2026-10-06,baseline
00QS200000WCcOr,2026-10-06,baseline
00QS200000WCcNG,2026-10-06,baseline
00QS200000WCcK2,2026-10-06,baseline
00QS200000WCcK1,2026-10-06,baseline
00QS200000WCcIQ,2026-10-06,baseline
00QS200000WCcAM,2026-10-06,baseline
00QS200000WCc8k,2026-10-06,baseline
00QS200000WCc5W,2026-10-06,baseline
00QS200000WCc5V,2026-10-06,baseline
00QS200000WCc3u,2026-10-06,baseline
00QS200000WCc2J,2026-10-06,baseline
00QS200000WCbz6,2026-10-06,baseline
00QS200000WCbz5,2026-10-06,baseline
00QS200000WCbxT,2026-10-06,baseline
00QS200000WCbxS,2026-10-06,baseline
00QS200000WCbsc,2026-10-06,baseline
00QS200000WCbnm,2026-10-06,baseline
00QS200000WCbhM,2026-10-06,baseline
00QS200000WCbhL,2026-10-06,baseline
00QS200000WCbhK,2026-10-06,baseline
00QS200000WCbe6,2026-10-06,baseline
00QS200000WCbcT,2026-10-06,baseline
00QS200000WCbZF,2026-10-06,baseline
00QS200000WCbUP,2026-10-06,baseline
00QS200000WCbSo,2026-10-06,baseline
00QS200000WCbPZ,2026-10-06,baseline
00QS200000WCbCg,2026-10-06,baseline
00QS200000WCb1O,2026-10-06,baseline
00QS200000WCauy,2026-10-06,baseline
00QS200000WCaoU,2026-10-06,baseline
00QS200000WCams,2026-10-06,baseline
00QS200000WCalF,2026-10-06,baseline
00QS200000WCaen,2026-10-06,baseline
00QS200000WCaWl,2026-10-06,baseline
00QS200000WCaV7,2026-10-06,baseline
00QS200000WCaTV,2026-10-06,baseline
00QS200000WCaIE,2026-10-06,baseline
00QS200000WCaID,2026-10-06,baseline
00QS200000WCaF3,2026-10-06,baseline
00QS200000WCaF2,2026-10-06,baseline
00QS200000WCaF1,2026-10-06,baseline
00QS200000WCaBn,2026-10-06,baseline
00QS200000WCa5L,2026-10-06,baseline
00QS200000WCZyt,2026-10-06,baseline
00QS200000WCZnZ,2026-10-06,baseline
00QS200000WCZlz,2026-10-06,baseline
00QS200000WCZkN,2026-10-06,baseline
00QS200000WCZkL,2026-10-06,baseline
00QS200000WCZio,2026-10-06,baseline
00QS200000WCZPN,2026-10-06,baseline
00QS200000WCZNl,2026-10-06,baseline
00QS200000WCZHK,2026-10-06,baseline
00QS200000WCZFh,2026-10-06,baseline
00QS200000WCZE6,2026-10-06,baseline
00QS200000WCZCU,2026-10-06,baseline
00QS200000WCZ9I,2026-10-06,baseline
00QS200000WCZ9G,2026-10-06,baseline
00QS200000WCZ4U,2026-10-06,baseline
00QS200000WCZ4P,2026-10-06,baseline
00QS200000WCZ1E,2026-10-06,baseline
00QS200000WCYzb,2026-10-06,baseline
00QS200000WCYwM,2026-10-06,baseline
00QS200000WCYl3,2026-10-06,baseline
00QS200000WCYeb,2026-10-06,baseline
00QS200000WCYd0,2026-10-06,baseline
00QS200000WCYQ5,2026-10-06,baseline
00QS200000WCYLH,2026-10-06,baseline
00QS200000WCYJf,2026-10-06,baseline
00QS200000WCYI4,2026-10-06,baseline
00QS200000WCYGU,2026-10-06,baseline
00QS200000WCYEo,2026-10-06,baseline
00QS200000WCYBb,2026-10-06,baseline
00QS200000WCXvS,2026-10-06,baseline
00QS200000WCXtq,2026-10-06,baseline
00QS200000WCXsF,2026-10-06,baseline
00QS200000WCXdh,2026-10-06,baseline
00QS200000WCXVd,2026-10-06,baseline
00QS200000WCXU3,2026-10-06,baseline
00QS200000WCXNg,2026-10-06,baseline
00QS200000WCWkt,2026-10-06,baseline
00QS200000WCWbB,2026-10-06,baseline
00QS200000WCW4w,2026-10-06,baseline
00QS200000WCW3M,2026-10-06,baseline
00QS200000WCW05,2026-10-06,baseline
00QS200000WCVbv,2026-10-06,baseline
00QS200000WCVIX,2026-10-06,baseline
00QS200000WCUaz,2026-10-06,baseline
00QS200000WCUMT,2026-10-06,baseline
00QS200000WCUCo,2026-10-06,baseline
00QS200000WCUBB,2026-10-06,baseline
00QS200000WCU4j,2026-10-06,baseline
00QS200000WCU1V,2026-10-06,baseline
00QS200000WCTTd,2026-10-06,baseline
00QS200000WCT8g,2026-10-06,baseline
00QS200000WCSvl,2026-10-06,baseline
00QS200000WCSm5,2026-10-06,baseline
00QS200000WCShF,2026-10-06,baseline
00QS200000WCSR8,2026-10-06,baseline
00QS200000WCSFq,2026-10-06,baseline
00QS200000WCSCb,2026-10-06,baseline
00QS200000WCS4X,2026-10-06,baseline
00QS200000WCS2w,2026-10-06,baseline
00QS200000WCRtF,2026-10-06,baseline
00QS200000WCRrf,2026-10-06,baseline
00QS200000WCRq2,2026-10-06,baseline
00QS200000WCRmo,2026-10-06,baseline
00QS200000WCRQE,2026-10-06,baseline
00QS200000WCRLP,2026-10-06,baseline
00QS200000WCQqm,2026-10-06,baseline
00QS200000WCQh4,2026-10-06,baseline
00QS200000WCPme,2026-10-06,baseline
00QS200000WCPMp,2026-10-06,baseline
00QS200000WCP6i,2026-10-06,baseline
00QS200000WCP6h,2026-10-06,baseline
00QS200000WCP58,2026-10-06,baseline
00QS200000WCP57,2026-10-06,baseline
00QS200000WCOnL,2026-10-06,baseline
00QS200000WCOk8,2026-10-06,baseline
00QS200000WCNuV,2026-10-06,baseline
00QS200000WCNZX,2026-10-06,baseline
00QS200000WCLr4,2026-10-06,baseline
00QS200000WCRI9,2026-10-06,baseline
00QS200000WCRBh,2026-10-06,baseline
00QS200000WCR3d,2026-10-06,baseline
00QS200000WCQva,2026-10-06,baseline
00QS200000WCQig,2026-10-06,baseline
00QS200000WCQVl,2026-10-06,baseline
00QS200000WCQUA,2026-10-06,baseline
00QS200000WCQQw,2026-10-06,baseline
00QS200000WCQM7,2026-10-06,baseline
00QS200000WCQIr,2026-10-06,baseline
00QS200000WCQ9B,2026-10-06,baseline
00QS200000WCQ2k,2026-10-06,baseline
00QS200000WCPuf,2026-10-06,baseline
00QS200000WCPt3,2026-10-06,baseline
00QS200000WCPpq,2026-10-06,baseline
00QS200000WCPjN,2026-10-06,baseline
00QS200000WCPcw,2026-10-06,baseline
00QS200000WCPbJ,2026-10-06,baseline
00QS200000WCPZh,2026-10-06,baseline
00QS200000WCPQ2,2026-10-06,baseline
00QS200000WCPHx,2026-10-06,baseline
00QS200000WCPEj,2026-10-06,baseline
00QS200000WCP0D,2026-10-06,baseline
00QS200000WCOqY,2026-10-06,baseline
00QS200000WCOYo,2026-10-06,baseline
00QS200000WCOQj,2026-10-06,baseline
00QS200000WCNzJ,2026-10-06,baseline
00QS200000WCNxj,2026-10-06,baseline
00QS200000WCNxh,2026-10-06,baseline
00QS200000WCNsr,2026-10-06,baseline
00QS200000WCNo2,2026-10-06,baseline
00QS200000WCNmP,2026-10-06,baseline
00QS200000WCNeL,2026-10-06,baseline
00QS200000WCNZW,2026-10-06,baseline
00QS200000WCNXt,2026-10-06,baseline
00QS200000WCNUg,2026-10-06,baseline
00QS200000WCNOD,2026-10-06,baseline
00QS200000WCNHm,2026-10-06,baseline
00QS200000WCNCv,2026-10-06,baseline
00QS200000WCN6T,2026-10-06,baseline
00QS200000WCN3G,2026-10-06,baseline
00QS200000WCMjt,2026-10-06,baseline
00QS200000WCMf4,2026-10-06,baseline
00QS200000WCMOv,2026-10-06,baseline
00QS200000WCMNJ,2026-10-06,baseline
00QS200000WCMFF,2026-10-06,baseline
00QS200000WCM5Z,2026-10-06,baseline
00QS200000WCM0k,2026-10-06,baseline
00QS200000WCM0j,2026-10-06,baseline
00QS200000WCLz7,2026-10-06,baseline
00QS200000WCLRF,2026-10-06,baseline
00QS200000WCLPe,2026-10-06,baseline
00QS200000WCLO1,2026-10-06,baseline
00QS200000WCLJB,2026-10-06,baseline
00QS200000WCKv1,2026-10-06,baseline
00QS200000WCKq9,2026-10-06,baseline
00QS200000WCKoZ,2026-10-06,baseline
00QS200000WCKgU,2026-10-06,baseline
00QS200000WCKYP,2026-10-06,baseline
00QS200000WCKQO,2026-10-06,baseline
00QS200000WCKGg,2026-10-06,baseline
00QS200000WCJyv,2026-10-06,baseline
00QS200000WCJsV,2026-10-06,baseline
00QS200000WCJpF,2026-10-06,baseline
00QS200000WCJkP,2026-10-06,baseline
00QS200000WCJhB,2026-10-06,baseline
00QS200000WCJfZ,2026-10-06,baseline
00QS200000WCJdy,2026-10-06,baseline
00QS200000WCJUJ,2026-10-06,baseline
00QS200000WCJUI,2026-10-06,baseline
00QS200000WCJ9J,2026-10-06,baseline
00QS200000WCIy1,2026-10-06,baseline
00QS200000WCItB,2026-10-06,baseline
00QS200000WCIef,2026-10-06,baseline
00QS200000WCIbT,2026-10-06,baseline
00QS200000WCIZp,2026-10-06,baseline
00QS200000WCILJ,2026-10-06,baseline
00QS200000WCIJh,2026-10-06,baseline
00QS200000WCI3Z,2026-10-06,baseline
00QS200000WCHtt,2026-10-06,baseline
00QS200000WCHsI,2026-10-06,baseline
00QS200000WCHqg,2026-10-06,baseline
00QS200000WCHlp,2026-10-06,baseline
00QS200000WCHic,2026-10-06,baseline
00QS200000WCHib,2026-10-06,baseline
00QS200000WCHdl,2026-10-06,baseline
00QS200000WCHaa,2026-10-06,baseline
00QS200000WCHaX,2026-10-06,baseline
00QS200000WCHPF,2026-10-06,baseline
00QS200000WCHNd,2026-10-06,baseline
00QS200000WCHKP,2026-10-06,baseline
00QS200000WCHDx,2026-10-06,baseline
00QS200000WCH97,2026-10-06,baseline
00QS200000WCH2f,2026-10-06,baseline
00QS200000WCGxp,2026-10-06,baseline
00QS200000WCGwE,2026-10-06,baseline
00QS200000WCGpn,2026-10-06,baseline
00QS200000WCGpm,2026-10-06,baseline
00QS200000WCGjK,2026-10-06,baseline
00QS200000WCGeT,2026-10-06,baseline
00QS200000WCGTB,2026-10-06,baseline
00QS200000WCGOL,2026-10-06,baseline
00QS200000WCGJV,2026-10-06,baseline
00QS200000WCGHt,2026-10-06,baseline
00QS200000WCGEf,2026-10-06,baseline
00QS200000WCGD3,2026-10-06,baseline
00QS200000WCG8D,2026-10-06,baseline
00QS200000WCG6d,2026-10-06,baseline
00QS200000WCG52,2026-10-06,baseline
00QS200000WCG51,2026-10-06,baseline
00QS200000WCG0B,2026-10-06,baseline
00QS200000WCFww,2026-10-06,baseline
00QS200000WCFs5,2026-10-06,baseline
00QS200000WCFnG,2026-10-06,baseline
00QS200000WCFnF,2026-10-06,baseline
00QS200000WCFld,2026-10-06,baseline
00QS200000WCFk1,2026-10-06,baseline
00QS200000WCFgo,2026-10-06,baseline
00QS200000WCFfD,2026-10-06,baseline
00QS200000WCFfC,2026-10-06,baseline
00QS200000WCFaL,2026-10-06,baseline
00QS200000WCFX8,2026-10-06,baseline
00QS200000WCFNS,2026-10-06,baseline
00QS200000WCFLp,2026-10-06,baseline
00QS200000WCFGz,2026-10-06,baseline
00QS200000WCF5i,2026-10-06,baseline
00QS200000WCErB,2026-10-06,baseline
00QS200000WCEpa,2026-10-06,baseline
00QS200000WCEmL,2026-10-06,baseline
00QS200000WCEj7,2026-10-06,baseline
00QS200000WCEhV,2026-10-06,baseline
00QS200000WCEeH,2026-10-06,baseline
00QS200000WCEZR,2026-10-06,baseline
00QS200000WCEWD,2026-10-06,baseline
00QS200000WCEUd,2026-10-06,baseline
00QS200000WCEUb,2026-10-06,baseline
00QS200000WCESz,2026-10-06,baseline
00QS200000WCERO,2026-10-06,baseline
00QS200000WCERN,2026-10-06,baseline
00QS200000WCEOB,2026-10-06,baseline
00QS200000WCEOA,2026-10-06,baseline
00QS200000WCEMY,2026-10-06,baseline
00QS200000WCEMX,2026-10-06,baseline
00QS200000WCEHh,2026-10-06,baseline
00QS200000WCE9d,2026-10-06,baseline
00QS200000WCE81,2026-10-06,baseline
00QS200000WCE3E,2026-10-06,baseline
00QS200000WCE3C,2026-10-06,baseline
00QS200000WCE3B,2026-10-06,baseline
00QS200000WCDv7,2026-10-06,baseline
00QS200000WCDqH,2026-10-06,baseline
00QS200000WCDoh,2026-10-06,baseline
00QS200000WCDn4,2026-10-06,baseline
00QS200000WCDiD,2026-10-06,baseline
00QS200000WCDgb,2026-10-06,baseline
00QS200000WCDdN,2026-10-06,baseline
00QS200000WCDTh,2026-10-06,baseline
00QS200000WCDQU,2026-10-06,baseline
00QS200000WCDNF,2026-10-06,baseline
00QS200000WCDLg,2026-10-06,baseline
00QS200000WCDIR,2026-10-06,baseline
00QS200000WCDIQ,2026-10-06,baseline
00QS200000WCDGn,2026-10-06,baseline
00QS200000WCDFB,2026-10-06,baseline
00QS200000WCDDa,2026-10-06,baseline
00QS200000WCD3v,2026-10-06,baseline
00QS200000WCD0f,2026-10-06,baseline
00QS200000WCCvq,2026-10-06,baseline
00QS200000WCCr1,2026-10-06,baseline
00QS200000WCCqz,2026-10-06,baseline
00QS200000WCChK,2026-10-06,baseline
00QS200000WCCfh,2026-10-06,baseline
00QS200000WCCas,2026-10-06,baseline
00QS200000WCCUP,2026-10-06,baseline
00QS200000WCCRC,2026-10-06,baseline
00QS200000WCCHW,2026-10-06,baseline
00QS200000WCCFu,2026-10-06,baseline
00QS200000WCCB9,2026-10-06,baseline
00QS200000WCCB6,2026-10-06,baseline
00QS200000WCCB4,2026-10-06,baseline
00QS200000WCC6D,2026-10-06,baseline
00QS200000WCByA,2026-10-06,baseline
00QS200000WCBuv,2026-10-06,baseline
00QS200000WCBq5,2026-10-06,baseline
00QS200000WCBoU,2026-10-06,baseline
00QS200000WCBmr,2026-10-06,baseline
00QS200000WCBlF,2026-10-06,baseline
00QS200000WCBbc,2026-10-06,baseline
00QS200000WCBZx,2026-10-06,baseline
00QS200000WCBWn,2026-10-06,baseline
00QS200000WCBWl,2026-10-06,baseline
00QS200000WCBLS,2026-10-06,baseline
00QS200000WCBGc,2026-10-06,baseline
00QS200000WCBF0,2026-10-06,baseline
00QS200000WCBDP,2026-10-06,baseline
00QS200000WCB3k,2026-10-06,baseline
00QS200000WCB3i,2026-10-06,baseline
00QS200000WCB28,2026-10-06,baseline
00QS200000WCB0V,2026-10-06,baseline
00QS200000WCB0U,2026-10-06,baseline
00QS200000WCAnb,2026-10-06,baseline
00QS200000WCAh8,2026-10-06,baseline
00QS200000WCAfX,2026-10-06,baseline
00QS200000WCAfV,2026-10-06,baseline
00QS200000WCAdt,2026-10-06,baseline
00QS200000WCAXR,2026-10-06,baseline
00QS200000WCAMA,2026-10-06,baseline
00QS200000WCAHJ,2026-10-06,baseline
00QS200000WCACT,2026-10-06,baseline
00QS200000WCAAr,2026-10-06,baseline
00QS200000WCA62,2026-10-06,baseline
00QS200000WC9uk,2026-10-06,baseline
00QS200000WC9rV,2026-10-06,baseline
00QS200000WC9pt,2026-10-06,baseline
00QS200000WC9hq,2026-10-06,baseline
00QS200000WC9cz,2026-10-06,baseline
00QS200000WC9Zl,2026-10-06,baseline
00QS200000WC9Wa,2026-10-06,baseline
00QS200000WC9WZ,2026-10-06,baseline
00QS200000WC9Uv,2026-10-06,baseline
00QS200000WC96j,2026-10-06,baseline
00QS200000WC90J,2026-10-06,baseline
00QS200000WC90H,2026-10-06,baseline
00QS200000WC8x7,2026-10-06,baseline
00QS200000WC8x6,2026-10-06,baseline
00QS200000WC8x4,2026-10-06,baseline
00QS200000WC8qb,2026-10-06,baseline
00QS200000WC8nO,2026-10-06,baseline
00QS200000WC8dh,2026-10-06,baseline
00QS200000WC8aU,2026-10-06,baseline
00QS200000WC8Ys,2026-10-06,baseline
00QS200000WC8Yr,2026-10-06,baseline
00QS200000WC8Vd,2026-10-06,baseline
00QS200000WC8U2,2026-10-06,baseline
00QS200000WC8Qn,2026-10-06,baseline
00QS200000WC8PB,2026-10-06,baseline
00QS200000WC8KM,2026-10-06,baseline
00QS200000WC8KL,2026-10-06,baseline
00QS200000WC8Ik,2026-10-06,baseline
00QS200000WC8FW,2026-10-06,baseline
00QS200000WC8Dt,2026-10-06,baseline
00QS200000WC8Ag,2026-10-06,baseline
00QS200000WC895,2026-10-06,baseline
00QS200000WC894,2026-10-06,baseline
00QS200000WC82c,2026-10-06,baseline
00QS200000WC80z,2026-10-06,baseline
00QS200000WC7zO,2026-10-06,baseline
00QS200000WC7wB,2026-10-06,baseline
00QS200000WC7wA,2026-10-06,baseline
00QS200000WC7w9,2026-10-06,baseline
00QS200000WC7sv,2026-10-06,baseline
00QS200000WC7rK,2026-10-06,baseline
00QS200000WC7mV,2026-10-06,baseline
00QS200000WC7Zb,2026-10-06,baseline
00QS200000WC7Za,2026-10-06,baseline
00QS200000WC7Xy,2026-10-06,baseline
00QS200000WC7Uj,2026-10-06,baseline
00QS200000WC7T9,2026-10-06,baseline
00QS200000WC7Pv,2026-10-06,baseline
00QS200000WC7Eb,2026-10-06,baseline
00QS200000WC73J,2026-10-06,baseline
00QS200000WC6td,2026-10-06,baseline
00QS200000WC6oo,2026-10-06,baseline
00QS200000WC6lZ,2026-10-06,baseline
00QS200000WC6jz,2026-10-06,baseline
00QS200000WC6bv,2026-10-06,baseline
00QS200000WC6Yg,2026-10-06,baseline
00QS200000WC6SE,2026-10-06,baseline
00QS200000WC6NO,2026-10-06,baseline
00QS200000WC6NN,2026-10-06,baseline
00QS200000WC6Gx,2026-10-06,baseline
00QS200000WC6Gv,2026-10-06,baseline
00QS200000WC67F,2026-10-06,baseline
00QS200000WC641,2026-10-06,baseline
00QS200000WC5zB,2026-10-06,baseline
00QS200000WC5uM,2026-10-06,baseline
00QS200000WC5uL,2026-10-06,baseline
00QS200000WC5sk,2026-10-06,baseline
00QS200000WC5r7,2026-10-06,baseline
00QS200000WC5kf,2026-10-06,baseline
00QS200000WC5j6,2026-10-06,baseline
00QS200000WC5fp,2026-10-06,baseline
00QS200000WC5az,2026-10-06,baseline
00QS200000WC5ZN,2026-10-06,baseline
00QS200000WC5W9,2026-10-06,baseline
00QS200000WC5O6,2026-10-06,baseline
00QS200000WC5MU,2026-10-06,baseline
00QS200000WC5JF,2026-10-06,baseline
00QS200000WC5Hf,2026-10-06,baseline
00QS200000WC5G1,2026-10-06,baseline
00QS200000WC5EP,2026-10-06,baseline
00QS200000WC54j,2026-10-06,baseline
00QS200000WC4yJ,2026-10-06,baseline
00QS200000WC4yI,2026-10-06,baseline
00QS200000WC4tT,2026-10-06,baseline
00QS200000WC4qF,2026-10-06,baseline
00QS200000WC4qD,2026-10-06,baseline
00QS200000WC4n2,2026-10-06,baseline
00QS200000WC4mz,2026-10-06,baseline
00QS200000WC4gY,2026-10-06,baseline
00QS200000WC4ev,2026-10-06,baseline
00QS200000WC4bh,2026-10-06,baseline
00QS200000WC4Ws,2026-10-06,baseline
00QS200000WC4VG,2026-10-06,baseline
00QS200000WC4QQ,2026-10-06,baseline
00QS200000WC4QP,2026-10-06,baseline
00QS200000WC4Jz,2026-10-06,baseline
00QS200000WC4Jy,2026-10-06,baseline
00QS200000WC4IL,2026-10-06,baseline
00QS200000WC4DV,2026-10-06,baseline
00QS200000WC4AH,2026-10-06,baseline
00QS200000WC48f,2026-10-06,baseline
00QS200000WC3z0,2026-10-06,baseline
00QS200000WC3xP,2026-10-06,baseline
00QS200000WC3xN,2026-10-06,baseline
00QS200000WC3vm,2026-10-06,baseline
00QS200000WC3vl,2026-10-06,baseline
00QS200000WC3pL,2026-10-06,baseline
00QS200000WC3ni,2026-10-06,baseline
00QS200000WC3kV,2026-10-06,baseline
00QS200000WC3kT,2026-10-06,baseline
00QS200000WC3hF,2026-10-06,baseline
00QS200000WC3e3,2026-10-06,baseline
00QS200000WC3ZC,2026-10-06,baseline
00QS200000WC3Vy,2026-10-06,baseline
00QS200000WC3Vx,2026-10-06,baseline
00QS200000WC3UL,2026-10-06,baseline
00QS200000WC3Sj,2026-10-06,baseline
00QS200000WC3PW,2026-10-06,baseline
00QS200000WC3MI,2026-10-06,baseline
00QS200000WC3Kf,2026-10-06,baseline
00QS200000WC3J3,2026-10-06,baseline
00QS200000WC3HR,2026-10-06,baseline
00QS200000WC3Cb,2026-10-06,baseline
00QS200000WC3Az,2026-10-06,baseline
00QS200000WC39N,2026-10-06,baseline
00QS200000WC37l,2026-10-06,baseline
00QS200000WC2ur,2026-10-06,baseline
00QS200000WC2tG,2026-10-06,baseline
00QS200000WC2tF,2026-10-06,baseline
00QS200000WC2rd,2026-10-06,baseline
00QS200000WC2q1,2026-10-06,baseline
00QS200000WC2oQ,2026-10-06,baseline
00QS200000WC2oP,2026-10-06,baseline
00QS200000WC2mn,2026-10-06,baseline
00QS200000WC2lF,2026-10-06,baseline
00QS200000WC2lE,2026-10-06,baseline
00QS200000WC2lD,2026-10-06,baseline
00QS200000WC2ja,2026-10-06,baseline
00QS200000WC2jZ,2026-10-06,baseline
00QS200000WC2ej,2026-10-06,baseline
00QS200000WC2dA,2026-10-06,baseline
00QS200000WC2d7,2026-10-06,baseline
00QS200000WC2bV,2026-10-06,baseline
00QS200000WC2YH,2026-10-06,baseline
00QS200000WC2Wf,2026-10-06,baseline
00QS200000WC2TR,2026-10-06,baseline
00QS200000WC2Jl,2026-10-06,baseline
00QS200000WC2I9,2026-10-06,baseline
00QS200000WC2GX,2026-10-06,baseline
00QS200000WC2Ev,2026-10-06,baseline
00QS200000WC2DJ,2026-10-06,baseline
00QS200000WC2Bh,2026-10-06,baseline
00QS200000WC2A5,2026-10-06,baseline
00QS200000WC28U,2026-10-06,baseline
00QS200000WC26r,2026-10-06,baseline
00QS200000WC25F,2026-10-06,baseline
00QS200000WC1yo,2026-10-06,baseline
00QS200000WC1sM,2026-10-06,baseline
00QS200000WC1qj,2026-10-06,baseline
00QS200000WC1nV,2026-10-06,baseline
00QS200000WC1lt,2026-10-06,baseline
00QS200000WC1kH,2026-10-06,baseline
00QS200000WC1if,2026-10-06,baseline
00QS200000WC1h3,2026-10-06,baseline
00QS200000WC1fR,2026-10-06,baseline
00QS200000WC1dp,2026-10-06,baseline
00QS200000WC1Z0,2026-10-06,baseline
00QS200000WC1SX,2026-10-06,baseline
00QS200000WC1M5,2026-10-06,baseline
00QS200000WC1It,2026-10-06,baseline
00QS200000WC1Is,2026-10-06,baseline
00QS200000WC1Ir,2026-10-06,baseline
00QS200000WC1HF,2026-10-06,baseline
00QS200000WC1Fg,2026-10-06,baseline
00QS200000WC1Fd,2026-10-06,baseline
00QS200000WC1E1,2026-10-06,baseline
00QS200000WC1CQ,2026-10-06,baseline
00QS200000WC17a,2026-10-06,baseline
00QS200000WC15y,2026-10-06,baseline
00QS200000WC0zW,2026-10-06,baseline
00QS200000WC0wH,2026-10-06,baseline
00QS200000WC0t3,2026-10-06,baseline
00QS200000WC0pp,2026-10-06,baseline
00QS200000WC0oD,2026-10-06,baseline
00QS200000WC0mb,2026-10-06,baseline
00QS200000WC0kz,2026-10-06,baseline
00QS200000WC0jN,2026-10-06,baseline
00QS200000WC0hn,2026-10-06,baseline
00QS200000WC0hm,2026-10-06,baseline
00QS200000WC0hl,2026-10-06,baseline
00QS200000WC0cv,2026-10-06,baseline
00QS200000WC0bL,2026-10-06,baseline
00QS200000WC0WX,2026-10-06,baseline
00QS200000WC0TI,2026-10-06,baseline
00QS200000WC0TH,2026-10-06,baseline
00QS200000WC0Q2,2026-10-06,baseline
00QS200000WC0Mo,2026-10-06,baseline
00QS200000WC0LB,2026-10-06,baseline
00QS200000WC0Hy,2026-10-06,baseline
00QS200000WC0Hx,2026-10-06,baseline
00QS200000WC0El,2026-10-06,baseline
00QS200000WC0Ek,2026-10-06,baseline
00QS200000WC0D7,2026-10-06,baseline
00QS200000WC0BV,2026-10-06,baseline
00QS200000WC09v,2026-10-06,baseline
00QS200000WC09t,2026-10-06,baseline
00QS200000WC00F,2026-10-06,baseline
00QS200000WBzyc,2026-10-06,baseline
00QS200000WBzwz,2026-10-06,baseline
00QS200000WBzvQ,2026-10-06,baseline
00QS200000WBzvO,2026-10-06,baseline
00QS200000WBzqX,2026-10-06,baseline
00QS200000WBzoz,2026-10-06,baseline
00QS200000WBzoy,2026-10-06,baseline
00QS200000WBzov,2026-10-06,baseline
00QS200000WBznJ,2026-10-06,baseline
00QS200000WBzlh,2026-10-06,baseline
00QS200000WBzk7,2026-10-06,baseline
00QS200000WBzk6,2026-10-06,baseline
00QS200000WBzk5,2026-10-06,baseline
00QS200000WBziT,2026-10-06,baseline
00QS200000WBzgu,2026-10-06,baseline
00QS200000WBzc2,2026-10-06,baseline
00QS200000WBzc1,2026-10-06,baseline
00QS200000WBzaP,2026-10-06,baseline
00QS200000WBzYn,2026-10-06,baseline
00QS200000WBzXC,2026-10-06,baseline
00QS200000WBzXB,2026-10-06,baseline
00QS200000WBzVZ,2026-10-06,baseline
00QS200000WBzTx,2026-10-06,baseline
00QS200000WBzQj,2026-10-06,baseline
00QS200000WBzP7,2026-10-06,baseline
00QS200000WBzNV,2026-10-06,baseline
00QS200000WBzLt,2026-10-06,baseline
00QS200000WBzIf,2026-10-06,baseline
00QS200000WBzH3,2026-10-06,baseline
00QS200000WBzFS,2026-10-06,baseline
00QS200000WBzFR,2026-10-06,baseline
00QS200000WBzDr,2026-10-06,baseline
00QS200000WBzDq,2026-10-06,baseline
00QS200000WBz8z,2026-10-06,baseline
00QS200000WBz7O,2026-10-06,baseline
00QS200000WBz7N,2026-10-06,baseline
00QS200000WBz5l,2026-10-06,baseline
00QS200000WBz49,2026-10-06,baseline
00QS200000WBz0v,2026-10-06,baseline
00QS200000WByzM,2026-10-06,baseline
00QS200000WByzK,2026-10-06,baseline
00QS200000WByzJ,2026-10-06,baseline
00QS200000WByxj,2026-10-06,baseline
00QS200000WByuW,2026-10-06,baseline
00QS200000WBysr,2026-10-06,baseline
00QS200000WBype,2026-10-06,baseline
00QS200000WBymQ,2026-10-06,baseline
00QS200000WBymP,2026-10-06,baseline
00QS200000WBykn,2026-10-06,baseline
00QS200000WByjC,2026-10-06,baseline
00QS200000WByjB,2026-10-06,baseline
00QS200000WByhZ,2026-10-06,baseline
00QS200000WBycl,2026-10-06,baseline
00QS200000WByck,2026-10-06,baseline
00QS200000WBycj,2026-10-06,baseline
00QS200000WByb7,2026-10-06,baseline
00QS200000WByZV,2026-10-06,baseline
00QS200000WByXt,2026-10-06,baseline
00QS200000WByUh,2026-10-06,baseline
00QS200000WByUg,2026-10-06,baseline
00QS200000WByT3,2026-10-06,baseline
00QS200000WByOD,2026-10-06,baseline
00QS200000WByMe,2026-10-06,baseline
00QS200000WByMd,2026-10-06,baseline
00QS200000WByMb,2026-10-06,baseline
00QS200000WByKz,2026-10-06,baseline
00QS200000WByJN,2026-10-06,baseline
00QS200000WByEZ,2026-10-06,baseline
00QS200000WByEX,2026-10-06,baseline
00QS200000WByCv,2026-10-06,baseline
00QS200000WByBL,2026-10-06,baseline
00QS200000WByBJ,2026-10-06,baseline
00QS200000WBy9h,2026-10-06,baseline
00QS200000WBy85,2026-10-06,baseline
00QS200000WBy3G,2026-10-06,baseline
00QS200000WBy01,2026-10-06,baseline
00QS200000WBxyQ,2026-10-06,baseline
00QS200000WBxwo,2026-10-06,baseline
00QS200000WBxwn,2026-10-06,baseline
00QS200000WBxvD,2026-10-06,baseline
00QS200000WBxvC,2026-10-06,baseline
00QS200000WBxqM,2026-10-06,baseline
00QS200000WBxoj,2026-10-06,baseline
00QS200000WBxn9,2026-10-06,baseline
00QS200000WBxn8,2026-10-06,baseline
00QS200000WBxn7,2026-10-06,baseline
00QS200000WBxlV,2026-10-06,baseline
00QS200000WBxiI,2026-10-06,baseline
00QS200000WBxiH,2026-10-06,baseline
00QS200000WBxgg,2026-10-06,baseline
00QS200000WBxgf,2026-10-06,baseline
00QS200000WBxaD,2026-10-06,baseline
00QS200000WBxYb,2026-10-06,baseline
00QS200000WBxX0,2026-10-06,baseline
00QS200000WBxVN,2026-10-06,baseline
00QS200000WBxTl,2026-10-06,baseline
00QS200000WBxS9,2026-10-06,baseline
00QS200000WBxOv,2026-10-06,baseline
00QS200000WBxNL,2026-10-06,baseline
00QS200000WBxNK,2026-10-06,baseline
00QS200000WBxLk,2026-10-06,baseline
00QS200000WBxK7,2026-10-06,baseline
00QS200000WBxK6,2026-10-06,baseline
00QS200000WBxIV,2026-10-06,baseline
00QS200000WBxIU,2026-10-06,baseline
00QS200000WBxDe,2026-10-06,baseline
00QS200000WBxC2,2026-10-06,baseline
00QS200000WBx8n,2026-10-06,baseline
00QS200000WBx5Z,2026-10-06,baseline
00QS200000WBx2L,2026-10-06,baseline
00QS200000WBwz8,2026-10-06,baseline
00QS200000WBwvv,2026-10-06,baseline
00QS200000WBwr4,2026-10-06,baseline
00QS200000WBwr3,2026-10-06,baseline
00QS200000WBwpS,2026-10-06,baseline
00QS200000WBwmE,2026-10-06,baseline
00QS200000WBwj0,2026-10-06,baseline
00QS200000WBwhN,2026-10-06,baseline
00QS200000WBweA,2026-10-06,baseline
00QS200000WBwax,2026-10-06,baseline
00QS200000WBwPg,2026-10-06,baseline
00QS200000WBwO2,2026-10-06,baseline
00QS200000WBwO1,2026-10-06,baseline
00QS200000WBw9V,2026-10-06,baseline
00QS200000WBw7t,2026-10-06,baseline
00QS200000WBw1S,2026-10-06,baseline
00QS200000WBvzw,2026-10-06,baseline
00QS200000WBvzu,2026-10-06,baseline
00QS200000WBvzq,2026-10-06,baseline
00QS200000WBvrl,2026-10-06,baseline
00QS200000WBvoX,2026-10-06,baseline
00QS200000WBvlK,2026-10-06,baseline
00QS200000WBvlJ,2026-10-06,baseline
00QS200000WBvgU,2026-10-06,baseline
00QS200000WBvgT,2026-10-06,baseline
00QS200000WBver,2026-10-06,baseline
00QS200000WBvdK,2026-10-06,baseline
00QS200000WBva2,2026-10-06,baseline
00QS200000WBva1,2026-10-06,baseline
00QS200000WBvWn,2026-10-06,baseline
00QS200000WBvVF,2026-10-06,baseline
00QS200000WBvVD,2026-10-06,baseline
00QS200000WBvVC,2026-10-06,baseline
00QS200000WBvVB,2026-10-06,baseline
00QS200000WBvLW,2026-10-06,baseline
00QS200000WBvLV,2026-10-06,baseline
00QS200000WBvJv,2026-10-06,baseline
00QS200000WBvF5,2026-10-06,baseline
00QS200000WBvDS,2026-10-06,baseline
00QS200000WBvDR,2026-10-06,baseline
00QS200000WBv8b,2026-10-06,baseline
00QS200000WBv5O,2026-10-06,baseline
00QS200000WBuxL,2026-10-06,baseline
00QS200000WBuvj,2026-10-06,baseline
00QS200000WBuu7,2026-10-06,baseline
00QS200000WBusT,2026-10-06,baseline
00QS200000WBum5,2026-10-06,baseline
00QS200000WBum4,2026-10-06,baseline
00QS200000WBum3,2026-10-06,baseline
00QS200000WBum2,2026-10-06,baseline
00QS200000WBukS,2026-10-06,baseline
00QS200000WBukR,2026-10-06,baseline
00QS200000WBukQ,2026-10-06,baseline
00QS200000WBuhD,2026-10-06,baseline
00QS200000WBuhC,2026-10-06,baseline
00QS200000WBuan,2026-10-06,baseline
00QS200000WBuam,2026-10-06,baseline
00QS200000WBuXW,2026-10-06,baseline
00QS200000WBuSg,2026-10-06,baseline
00QS200000WBuPS,2026-10-06,baseline
00QS200000WBuIz,2026-10-06,baseline
00QS200000WBuED,2026-10-06,baseline
00QS200000WBuEC,2026-10-06,baseline
00QS200000WBuEB,2026-10-06,baseline
00QS200000WBuCY,2026-10-06,baseline
00QS200000WBuAw,2026-10-06,baseline
00QS200000WBu7h,2026-10-06,baseline
00QS200000WBu66,2026-10-06,baseline
00QS200000WBu65,2026-10-06,baseline
00QS200000WBu2s,2026-10-06,baseline
00QS200000WBtuq,2026-10-06,baseline
00QS200000WBtra,2026-10-06,baseline
00QS200000WBtoM,2026-10-06,baseline
00QS200000WBtl9,2026-10-06,baseline
00QS200000WBtgJ,2026-10-06,baseline
00QS200000WBtgI,2026-10-06,baseline
00QS200000WBtef,2026-10-06,baseline
00QS200000WBtd4,2026-10-06,baseline
00QS200000WBtbS,2026-10-06,baseline
00QS200000WBtWc,2026-10-06,baseline
00QS200000WBtV0,2026-10-06,baseline
00QS200000WBtUz,2026-10-06,baseline
00QS200000WBtLK,2026-10-06,baseline
00QS200000WBtEs,2026-10-06,baseline
00QS200000WBtDF,2026-10-06,baseline
00QS200000WBtBe,2026-10-06,baseline
00QS200000WBtA3,2026-10-06,baseline
00QS200000WBt8P,2026-10-06,baseline
00QS200000WBt6o,2026-10-06,baseline
00QS200000WBt5B,2026-10-06,baseline
00QS200000WBt3b,2026-10-06,baseline
00QS200000WBt3a,2026-10-06,baseline
00QS200000WBt3Z,2026-10-06,baseline
00QS200000WBsyj,2026-10-06,baseline
00QS200000WBsxA,2026-10-06,baseline
00QS200000WBsx9,2026-10-06,baseline
00QS200000WBsvV,2026-10-06,baseline
00QS200000WBslp,2026-10-06,baseline
00QS200000WBsib,2026-10-06,baseline
00QS200000WBsfP,2026-10-06,baseline
00QS200000WBsc9,2026-10-06,baseline
00QS200000WBsYv,2026-10-06,baseline
00QS200000WBsU7,2026-10-06,baseline
00QS200000WBsU5,2026-10-06,baseline
00QS200000WBsST,2026-10-06,baseline
00QS200000WBsPG,2026-10-06,baseline
00QS200000WBsNf,2026-10-06,baseline
00QS200000WBsM3,2026-10-06,baseline
00QS200000WBsKR,2026-10-06,baseline
00QS200000WBsKQ,2026-10-06,baseline
00QS200000WBsIo,2026-10-06,baseline
00QS200000WBsIn,2026-10-06,baseline
00QS200000WBsFZ,2026-10-06,baseline
00QS200000WBsCO,2026-10-06,baseline
00QS200000WBs7W,2026-10-06,baseline
00QS200000WBs5v,2026-10-06,baseline
00QS200000WBs4J,2026-10-06,baseline
00QS200000WBs4I,2026-10-06,baseline
00QS200000WBrxq,2026-10-06,baseline
00QS200000WBrub,2026-10-06,baseline
00QS200000WBrt0,2026-10-06,baseline
00QS200000WBrsz,2026-10-06,baseline
00QS200000WBrmc,2026-10-06,baseline
00QS200000WBrmb,2026-10-06,baseline
00QS200000WBrjL,2026-10-06,baseline
00QS200000WBrjK,2026-10-06,baseline
00QS200000WBrhh,2026-10-06,baseline
00QS200000WBrZe,2026-10-06,baseline
00QS200000WBrTC,2026-10-06,baseline
00QS200000WBrPy,2026-10-06,baseline
00QS200000WBrOL,2026-10-06,baseline
00QS200000WBrMj,2026-10-06,baseline
00QS200000WBrHu,2026-10-06,baseline
00QS200000WBrD5,2026-10-06,baseline
00QS200000WBrD4,2026-10-06,baseline
00QS200000WBrD3,2026-10-06,baseline
00QS200000WBrBT,2026-10-06,baseline
00QS200000WBr3N,2026-10-06,baseline
00QS200000WBr0A,2026-10-06,baseline
00QS200000WBqyZ,2026-10-06,baseline
00QS200000WBqyY,2026-10-06,baseline
00QS200000WBqvK,2026-10-06,baseline
00QS200000WBqqT,2026-10-06,baseline
00QS200000WBqos,2026-10-06,baseline
00QS200000WBqor,2026-10-06,baseline
00QS200000WBqnG,2026-10-06,baseline
00QS200000WBqiR,2026-10-06,baseline
00QS200000WBqda,2026-10-06,baseline
00QS200000WBqbx,2026-10-06,baseline
00QS200000WBqaN,2026-10-06,baseline
00QS200000WBqaM,2026-10-06,baseline
00QS200000WBqXB,2026-10-06,baseline
00QS200000WBqX7,2026-10-06,baseline
00QS200000WBqVV,2026-10-06,baseline
00QS200000WBqLp,2026-10-06,baseline
00QS200000WBqGz,2026-10-06,baseline
00QS200000WBqDp,2026-10-06,baseline
00QS200000WBqDn,2026-10-06,baseline
00QS200000WBqC9,2026-10-06,baseline
00QS200000WBq5i,2026-10-06,baseline
00QS200000WBq5h,2026-10-06,baseline
00QS200000WBq45,2026-10-06,baseline
00QS200000WBq2Y,2026-10-06,baseline
00QS200000WBq2X,2026-10-06,baseline
00QS200000WBq2V,2026-10-06,baseline
00QS200000WBpxe,2026-10-06,baseline
00QS200000WBpuT,2026-10-06,baseline
00QS200000WBpuP,2026-10-06,baseline
00QS200000WBppZ,2026-10-06,baseline
00QS200000WBpkj,2026-10-06,baseline
00QS200000WBpfv,2026-10-06,baseline
00QS200000WBpft,2026-10-06,baseline
00QS200000WBpZR,2026-10-06,baseline
00QS200000WBpUc,2026-10-06,baseline
00QS200000WBpPm,2026-10-06,baseline
00QS200000WBpOB,2026-10-06,baseline
00QS200000WBpJJ,2026-10-06,baseline
00QS200000WBpEU,2026-10-06,baseline
00QS200000WBpBI,2026-10-06,baseline
00QS200000WBpBH,2026-10-06,baseline
00QS200000WBp9e,2026-10-06,baseline
00QS200000WBp6P,2026-10-06,baseline
00QS200000WBp3D,2026-10-06,baseline
00QS200000WBp3B,2026-10-06,baseline
00QS200000WBp1Z,2026-10-06,baseline
00QS200000WBowj,2026-10-06,baseline
00QS200000WBon3,2026-10-06,baseline
00QS200000WBolR,2026-10-06,baseline
00QS200000WBoaA,2026-10-06,baseline
00QS200000WBoYY,2026-10-06,baseline
00QS200000WBoWx,2026-10-06,baseline
00QS200000WBoVJ,2026-10-06,baseline
00QS200000WBoQV,2026-10-06,baseline
00QS200000WBoNF,2026-10-06,baseline
00QS200000WBoGp,2026-10-06,baseline
00QS200000WBoDc,2026-10-06,baseline
00QS200000WBoBx,2026-10-06,baseline
00QS200000WBo8k,2026-10-06,baseline
00QS200000WBnz3,2026-10-06,baseline
00QS200000WBnnl,2026-10-06,baseline
00QS200000WBnXd,2026-10-06,baseline
00QS200000WBnW1,2026-10-06,baseline
00QS200000WBnUP,2026-10-06,baseline
00QS200000WBnKl,2026-10-06,baseline
00QS200000WBnKk,2026-10-06,baseline
00QS200000WBnJ7,2026-10-06,baseline
00QS200000WBn7p,2026-10-06,baseline
00QS200000WBn6D,2026-10-06,baseline
00QS200000WBn4b,2026-10-06,baseline
00QS200000WBn2z,2026-10-06,baseline
00QS200000WBn1N,2026-10-06,baseline
00QS200000WBmzl,2026-10-06,baseline
00QS200000WBmy9,2026-10-06,baseline
00QS200000WBmwX,2026-10-06,baseline
00QS200000WBmtJ,2026-10-06,baseline
00QS200000WBmrh,2026-10-06,baseline
00QS200000WBmq5,2026-10-06,baseline
00QS200000WBmoT,2026-10-06,baseline
00QS200000WBmmr,2026-10-06,baseline
00QS200000WBmlF,2026-10-06,baseline
00QS200000WBmje,2026-10-06,baseline
00QS200000WBmjd,2026-10-06,baseline
00QS200000WBmi1,2026-10-06,baseline
00QS200000WBmgP,2026-10-06,baseline
00QS200000WBmen,2026-10-06,baseline
00QS200000WBmdB,2026-10-06,baseline
00QS200000WBmbZ,2026-10-06,baseline
00QS200000WBmZy,2026-10-06,baseline
00QS200000WBmZx,2026-10-06,baseline
00QS200000WBmYL,2026-10-06,baseline
00QS200000WBmWj,2026-10-06,baseline
00QS200000WBmV7,2026-10-06,baseline
00QS200000WBmTV,2026-10-06,baseline
00QS200000WBmRt,2026-10-06,baseline
00QS200000WBmOf,2026-10-06,baseline
00QS200000WBmLT,2026-10-06,baseline
00QS200000WBmLS,2026-10-06,baseline
00QS200000WBmIF,2026-10-06,baseline
00QS200000WBmIE,2026-10-06,baseline
00QS200000WBm5L,2026-10-06,baseline
00QS200000WBm5K,2026-10-06,baseline
00QS200000WBm25,2026-10-06,baseline
00QS200000WBm0T,2026-10-06,baseline
00QS200000WBlxG,2026-10-06,baseline
00QS200000WBlve,2026-10-06,baseline
00QS200000WBlu1,2026-10-06,baseline
00QS200000WBlsQ,2026-10-06,baseline
00QS200000WBlsP,2026-10-06,baseline
00QS200000WBlqn,2026-10-06,baseline
00QS200000WBlna,2026-10-06,baseline
00QS200000WBlkN,2026-10-06,baseline
00QS200000WBlkM,2026-10-06,baseline
00QS200000WBlkL,2026-10-06,baseline
00QS200000WBlh8,2026-10-06,baseline
00QS200000WBlh7,2026-10-06,baseline
00QS200000WBlfV,2026-10-06,baseline
00QS200000WBlXR,2026-10-06,baseline
00QS200000WBlVp,2026-10-06,baseline
00QS200000WBlUE,2026-10-06,baseline
00QS200000WBlUD,2026-10-06,baseline
00QS200000WBlSb,2026-10-06,baseline
00QS200000WBlQz,2026-10-06,baseline
00QS200000WBlPN,2026-10-06,baseline
00QS200000WBlNn,2026-10-06,baseline
00QS200000WBlNm,2026-10-06,baseline
00QS200000WBlNl,2026-10-06,baseline
00QS200000WBlMA,2026-10-06,baseline
00QS200000WBlM9,2026-10-06,baseline
00QS200000WBlKY,2026-10-06,baseline
00QS200000WBlKX,2026-10-06,baseline
00QS200000WBlIv,2026-10-06,baseline
00QS200000WBlE6,2026-10-06,baseline
00QS200000WBlCV,2026-10-06,baseline
00QS200000WBlCT,2026-10-06,baseline
00QS200000WBl61,2026-10-06,baseline
00QS200000WBl4P,2026-10-06,baseline
00QS200000WBl2n,2026-10-06,baseline
00QS200000WBl1B,2026-10-06,baseline
00QS200000WBkzb,2026-10-06,baseline
00QS200000WBkza,2026-10-06,baseline
00QS200000WBkzZ,2026-10-06,baseline
00QS200000WBkxx,2026-10-06,baseline
00QS200000WBkwM,2026-10-06,baseline
00QS200000WBkuk,2026-10-06,baseline
00QS200000WBkrV,2026-10-06,baseline
00QS200000WBkpt,2026-10-06,baseline
00QS200000WBkoI,2026-10-06,baseline
00QS200000WBkoH,2026-10-06,baseline
00QS200000WBkmf,2026-10-06,baseline
00QS200000WBkl3,2026-10-06,baseline
00QS200000WBkjS,2026-10-06,baseline
00QS200000WBkhp,2026-10-06,baseline
00QS200000WBkgD,2026-10-06,baseline
00QS200000WBkec,2026-10-06,baseline
00QS200000WBkY9,2026-10-06,baseline
00QS200000WBkUx,2026-10-06,baseline
00QS200000WBkRi,2026-10-06,baseline
00QS200000WBkRh,2026-10-06,baseline
00QS200000WBkQ5,2026-10-06,baseline
00QS200000WBkOY,2026-10-06,baseline
00QS200000WBkOX,2026-10-06,baseline
00QS200000WBkOW,2026-10-06,baseline
00QS200000WBkOU,2026-10-06,baseline
00QS200000WBkLH,2026-10-06,baseline
00QS200000WBkJd,2026-10-06,baseline
00QS200000WBkI1,2026-10-06,baseline
00QS200000WBkGQ,2026-10-06,baseline
00QS200000WBkGP,2026-10-06,baseline
00QS200000WBkEn,2026-10-06,baseline
00QS200000WBkA0,2026-10-06,baseline
00QS200000WBk9z,2026-10-06,baseline
00QS200000WBk9y,2026-10-06,baseline
00QS200000WBk8L,2026-10-06,baseline
00QS200000WBk6l,2026-10-06,baseline
00QS200000WBk6k,2026-10-06,baseline
00QS200000WBk6j,2026-10-06,baseline
00QS200000WBk57,2026-10-06,baseline
00QS200000WBk3W,2026-10-06,baseline
00QS200000WBk3V,2026-10-06,baseline
00QS200000WBk1w,2026-10-06,baseline
00QS200000WBk1u,2026-10-06,baseline
00QS200000WBk1t,2026-10-06,baseline
00QS200000WBk0I,2026-10-06,baseline
00QS200000WBk0H,2026-10-06,baseline
00QS200000WBjtq,2026-10-06,baseline
00QS200000WBjsF,2026-10-06,baseline
00QS200000WBjqb,2026-10-06,baseline
00QS200000WBjoz,2026-10-06,baseline
00QS200000WBjnN,2026-10-06,baseline
00QS200000WBjlm,2026-10-06,baseline
00QS200000WBjll,2026-10-06,baseline
00QS200000WBjkA,2026-10-06,baseline
00QS200000WBjgx,2026-10-06,baseline
00QS200000WBjfL,2026-10-06,baseline
00QS200000WBjfK,2026-10-06,baseline
00QS200000WBjc6,2026-10-06,baseline
00QS200000WBjaU,2026-10-06,baseline
00QS200000WBjXI,2026-10-06,baseline
00QS200000WBjXF,2026-10-06,baseline
00QS200000WBjVd,2026-10-06,baseline
00QS200000WBjU2,2026-10-06,baseline
00QS200000WBjU1,2026-10-06,baseline
00QS200000WBjSQ,2026-10-06,baseline
00QS200000WBjQn,2026-10-06,baseline
00QS200000WBjPC,2026-10-06,baseline
00QS200000WBjPB,2026-10-06,baseline
00QS200000WBjLz,2026-10-06,baseline
00QS200000WBjH8,2026-10-06,baseline
00QS200000WBjH7,2026-10-06,baseline
00QS200000WBjFX,2026-10-06,baseline
00QS200000WBjDu,2026-10-06,baseline
00QS200000WBjDt,2026-10-06,baseline
00QS200000WBjCH,2026-10-06,baseline
00QS200000WBjAf,2026-10-06,baseline
00QS200000WBj95,2026-10-06,baseline
00QS200000WBj94,2026-10-06,baseline
00QS200000WBj93,2026-10-06,baseline
00QS200000WBj7S,2026-10-06,baseline
00QS200000WBj4E,2026-10-06,baseline
00QS200000WBj4D,2026-10-06,baseline
00QS200000WBizN,2026-10-06,baseline
00QS200000WBixo,2026-10-06,baseline
00QS200000WBixm,2026-10-06,baseline
00QS200000WBixl,2026-10-06,baseline
00QS200000WBiwB,2026-10-06,baseline
00QS200000WBiwA,2026-10-06,baseline
00QS200000WBiw9,2026-10-06,baseline
00QS200000WBiuX,2026-10-06,baseline
00QS200000WBisv,2026-10-06,baseline
00QS200000WBirL,2026-10-06,baseline
00QS200000WBirJ,2026-10-06,baseline
00QS200000WBimU,2026-10-06,baseline
00QS200000WBikr,2026-10-06,baseline
00QS200000WBijI,2026-10-06,baseline
00QS200000WBijH,2026-10-06,baseline
00QS200000WBijG,2026-10-06,baseline
00QS200000WBijF,2026-10-06,baseline
00QS200000WBihe,2026-10-06,baseline
00QS200000WBihd,2026-10-06,baseline
00QS200000WBig2,2026-10-06,baseline
00QS200000WBig1,2026-10-06,baseline
00QS200000WBicn,2026-10-06,baseline
00QS200000WBiZb,2026-10-06,baseline
00QS200000WBiZa,2026-10-06,baseline
00QS200000WBiWL,2026-10-06,baseline
00QS200000WBiUj,2026-10-06,baseline
00QS200000WBiTA,2026-10-06,baseline
00QS200000WBiT7,2026-10-06,baseline
00QS200000WBiRV,2026-10-06,baseline
00QS200000WBiPu,2026-10-06,baseline
00QS200000WBiPt,2026-10-06,baseline
00QS200000WBiOI,2026-10-06,baseline
00QS200000WBiOH,2026-10-06,baseline
00QS200000WBiMf,2026-10-06,baseline
00QS200000WBiL5,2026-10-06,baseline
00QS200000WBiL4,2026-10-06,baseline
00QS200000WBiL3,2026-10-06,baseline
00QS200000WBiJR,2026-10-06,baseline
00QS200000WBiGE,2026-10-06,baseline
00QS200000WBiD1,2026-10-06,baseline
00QS200000WBiD0,2026-10-06,baseline
00QS200000WBi9m,2026-10-06,baseline
00QS200000WBi8B,2026-10-06,baseline
00QS200000WBi6Y,2026-10-06,baseline
00QS200000WBi4y,2026-10-06,baseline
00QS200000WBi4x,2026-10-06,baseline
00QS200000WBi4v,2026-10-06,baseline
00QS200000WBi3M,2026-10-06,baseline
00QS200000WBi3K,2026-10-06,baseline
00QS200000WBi3J,2026-10-06,baseline
00QS200000WBi1j,2026-10-06,baseline
00QS200000WBi1h,2026-10-06,baseline
00QS200000WBi05,2026-10-06,baseline
00QS200000WBhyU,2026-10-06,baseline
00QS200000WBhyT,2026-10-06,baseline
00QS200000WBhwu,2026-10-06,baseline
00QS200000WBhvK,2026-10-06,baseline
00QS200000WBhvJ,2026-10-06,baseline
00QS200000WBhte,2026-10-06,baseline
00QS200000WBhtd,2026-10-06,baseline
00QS200000WBhs1,2026-10-06,baseline
00QS200000WBhqS,2026-10-06,baseline
00QS200000WBhqP,2026-10-06,baseline
00QS200000WBhop,2026-10-06,baseline
00QS200000WBhon,2026-10-06,baseline
00QS200000WBhnB,2026-10-06,baseline
00QS200000WBhlZ,2026-10-06,baseline
00QS200000WBhjz,2026-10-06,baseline
00QS200000WBhjx,2026-10-06,baseline
00QS200000WBhf7,2026-10-06,baseline
00QS200000WBhdV,2026-10-06,baseline
00QS200000WBhbt,2026-10-06,baseline
00QS200000WBhaK,2026-10-06,baseline
00QS200000WBhaJ,2026-10-06,baseline
00QS200000WBhaI,2026-10-06,baseline
00QS200000WBhaH,2026-10-06,baseline
00QS200000WBhYf,2026-10-06,baseline
00QS200000WBhX3,2026-10-06,baseline
00QS200000WBhVW,2026-10-06,baseline
00QS200000WBhVS,2026-10-06,baseline
00QS200000WBhVR,2026-10-06,baseline
00QS200000WBhTr,2026-10-06,baseline
00QS200000WBhTq,2026-10-06,baseline
00QS200000WBhP0,2026-10-06,baseline
00QS200000WBhNR,2026-10-06,baseline
00QS200000WBhNQ,2026-10-06,baseline
00QS200000WBhNP,2026-10-06,baseline
00QS200000WBhLm,2026-10-06,baseline
00QS200000WBhLl,2026-10-06,baseline
00QS200000WBhGx,2026-10-06,baseline
00QS200000WBhGw,2026-10-06,baseline
00QS200000WBhGv,2026-10-06,baseline
00QS200000WBhFM,2026-10-06,baseline
00QS200000WBhFL,2026-10-06,baseline
00QS200000WBhFK,2026-10-06,baseline
00QS200000WBhFJ,2026-10-06,baseline
00QS200000WBh8u,2026-10-06,baseline
00QS200000WBh8s,2026-10-06,baseline
00QS200000WBh5e,2026-10-06,baseline
00QS200000WBh0o,2026-10-06,baseline
00QS200000WBgzE,2026-10-06,baseline
00QS200000WBgzD,2026-10-06,baseline
00QS200000WBgzB,2026-10-06,baseline
00QS200000WBgvz,2026-10-06,baseline
00QS200000WBgvy,2026-10-06,baseline
00QS200000WBgso,2026-10-06,baseline
00QS200000WBgsn,2026-10-06,baseline
00QS200000WBgsm,2026-10-06,baseline
00QS200000WBgsl,2026-10-06,baseline
00QS200000WBgpW,2026-10-06,baseline
00QS200000WBgkl,2026-10-06,baseline
00QS200000WBgkk,2026-10-06,baseline
00QS200000WBgki,2026-10-06,baseline
00QS200000WBgkf,2026-10-06,baseline
00QS200000WBgj4,2026-10-06,baseline
00QS200000WBgj3,2026-10-06,baseline
00QS200000WBghX,2026-10-06,baseline
00QS200000WBghW,2026-10-06,baseline
00QS200000WBghV,2026-10-06,baseline
00QS200000WBghU,2026-10-06,baseline
00QS200000WBghT,2026-10-06,baseline
00QS200000WBgcb,2026-10-06,baseline
00QS200000WBgb0,2026-10-06,baseline
00QS200000WBgZO,2026-10-06,baseline
00QS200000WBgXl,2026-10-06,baseline
00QS200000WBgWB,2026-10-06,baseline
00QS200000WBgWA,2026-10-06,baseline
00QS200000WBgRK,2026-10-06,baseline
00QS200000WBgO9,2026-10-06,baseline
00QS200000WBgMV,2026-10-06,baseline
00QS200000WBgMU,2026-10-06,baseline
00QS200000WBgKr,2026-10-06,baseline
00QS200000WBg6L,2026-10-06,baseline
00QS200000WBfzv,2026-10-06,baseline
00QS200000WBfyL,2026-10-06,baseline
00QS200000WBfyK,2026-10-06,baseline
00QS200000WBfyJ,2026-10-06,baseline
00QS200000WBfwh,2026-10-06,baseline
00QS200000WBfwf,2026-10-06,baseline
00QS200000WBftS,2026-10-06,baseline
00QS200000WBfrq,2026-10-06,baseline
00QS200000WBfqE,2026-10-06,baseline
00QS200000WBfn1,2026-10-06,baseline
00QS200000WBfn0,2026-10-06,baseline
00QS200000WBflO,2026-10-06,baseline
00QS200000WBflN,2026-10-06,baseline
00QS200000WBfez,2026-10-06,baseline
00QS200000WBfey,2026-10-06,baseline
00QS200000WBfdO,2026-10-06,baseline
00QS200000WBfbj,2026-10-06,baseline
00QS200000WBfa7,2026-10-06,baseline
00QS200000WBfa6,2026-10-06,baseline
00QS200000WBfYT,2026-10-06,baseline
00QS200000WBfOq,2026-10-06,baseline
00QS200000WBfOp,2026-10-06,baseline
00QS200000WBfBy,2026-10-06,baseline
00QS200000WBfBx,2026-10-06,baseline
00QS200000WBf5S,2026-10-06,baseline
00QS200000WBez0,2026-10-06,baseline
00QS200000WBeuE,2026-10-06,baseline
00QS200000WBesY,2026-10-06,baseline
00QS200000WBeqx,2026-10-06,baseline
00QS200000WBepL,2026-10-06,baseline
00QS200000WBepJ,2026-10-06,baseline
00QS200000WBeff,2026-10-06,baseline
00QS200000WBecR,2026-10-06,baseline
00QS200000WBeas,2026-10-06,baseline
00QS200000WBeZB,2026-10-06,baseline
00QS200000WBeVx,2026-10-06,baseline
00QS200000WBeKf,2026-10-06,baseline
00QS200000WBeFq,2026-10-06,baseline
00QS200000WBdoQ,2026-10-06,baseline
00QS200000WBdmq,2026-10-06,baseline
00QS200000WBdmp,2026-10-06,baseline
00QS200000WBdWi,2026-10-06,baseline
00QS200000WBdV4,2026-10-06,baseline
00QS200000WBdOd,2026-10-06,baseline
00QS200000WBdOc,2026-10-06,baseline
00QS200000WBdI9,2026-10-06,baseline
00QS200000WBdDK,2026-10-06,baseline
00QS200000WBd0S,2026-10-06,baseline
00QS200000WBcnW,2026-10-06,baseline
00QS200000WBclt,2026-10-06,baseline
00QS200000WBcKW,2026-10-06,baseline
00QS200000WBcKV,2026-10-06,baseline
00QS200000WBcHF,2026-10-06,baseline
00QS200000WBbxt,2026-10-06,baseline
00QS200000WBbrS,2026-10-06,baseline
00QS200000WBbhl,2026-10-06,baseline
00QS200000WBb9t,2026-10-06,baseline
00QS200000WBafH,2026-10-06,baseline
00QS200000WBaNY,2026-10-06,baseline
00QS200000WBaKH,2026-10-06,baseline
00QS200000WBaIg,2026-10-06,baseline
00QS200000WBaFR,2026-10-06,baseline
00QS200000WBa7O,2026-10-06,baseline
00QS200000WBZzL,2026-10-06,baseline
00QS200000WBZzK,2026-10-06,baseline
00QS200000WBZxj,2026-10-06,baseline
00QS200000WBZw8,2026-10-06,baseline
00QS200000WBZjB,2026-10-06,baseline
00QS200000WBZhZ,2026-10-06,baseline
00QS200000WBZXu,2026-10-06,baseline
00QS200000WBZUg,2026-10-06,baseline
00QS200000WBZRS,2026-10-06,baseline
00QS200000WBZOD,2026-10-06,baseline
00QS200000WBZBK,2026-10-06,baseline
00QS200000WBZBJ,2026-10-06,baseline
00QS200000WBZ3F,2026-10-06,baseline
00QS200000WBYs0,2026-10-06,baseline
00QS200000WBYry,2026-10-06,baseline
00QS200000WBYf4,2026-10-06,baseline
00QS200000WBYdU,2026-10-06,baseline
00QS200000WBYdT,2026-10-06,baseline
00QS200000WBYbp,2026-10-06,baseline
00QS200000WBYOx,2026-10-06,baseline
00QS200000WBYOw,2026-10-06,baseline
00QS200000WBYGr,2026-10-06,baseline
00QS200000WBY8q,2026-10-06,baseline
00QS200000WBY40,2026-10-06,baseline
00QS200000WBY3z,2026-10-06,baseline
00QS200000WBXhO,2026-10-06,baseline
00QS200000WBXfm,2026-10-06,baseline
00QS200000WBXZN,2026-10-06,baseline
00QS200000WBXUV,2026-10-06,baseline
00QS200000WBXUU,2026-10-06,baseline
00QS200000WBWq9,2026-10-06,baseline
00QS200000WBWlJ,2026-10-06,baseline
00QS200000WBWjh,2026-10-06,baseline
00QS200000WBWbd,2026-10-06,baseline
00QS200000WBWQL,2026-10-06,baseline
00QS200000WBWIH,2026-10-06,baseline
00QS200000WBW0X,2026-10-06,baseline
00QS200000WBVyv,2026-10-06,baseline
00QS200000WBVqr,2026-10-06,baseline
00QS200000WBVin,2026-10-06,baseline
00QS200000WBVfZ,2026-10-06,baseline
00QS200000WBVdy,2026-10-06,baseline
00QS200000WBVZ7,2026-10-06,baseline
00QS200000WBVXV,2026-10-06,baseline
00QS200000WBVHO,2026-10-06,baseline
00QS200000WBVE9,2026-10-06,baseline
00QS200000WBVCX,2026-10-06,baseline
00QS200000WBVAv,2026-10-06,baseline
00QS200000WBV7h,2026-10-06,baseline
00QS200000WBUl9,2026-10-06,baseline
00QS200000WBTlq,2026-10-06,baseline
00QS200000WBTNe,2026-10-06,baseline
00QS200000WBT4I,2026-10-06,baseline
00QS200000WBRvP,2026-10-06,baseline
00QS200000WBRYk,2026-10-06,baseline
00QS200000WBQpc,2026-10-06,baseline
00QS200000WBQnz,2026-10-06,baseline
00QS200000WBQny,2026-10-06,baseline
00QS200000WBQcg,2026-10-06,baseline
00QS200000WBOUR,2026-10-06,baseline
00QS200000WBOUQ,2026-10-06,baseline
00QS200000WBMkM,2026-10-06,baseline
00QS200000WBMUE,2026-10-06,baseline
00QS200000WBMNo,2026-10-06,baseline
00QS200000WBUMv,2026-10-06,baseline
00QS200000WBTvW,2026-10-06,baseline
00QS200000WBTlp,2026-10-06,baseline
00QS200000WBTkD,2026-10-06,baseline
00QS200000WBTc9,2026-10-06,baseline
00QS200000WBTKP,2026-10-06,baseline
00QS200000WBT2f,2026-10-06,baseline
00QS200000WBSsz,2026-10-06,baseline
00QS200000WBSrO,2026-10-06,baseline
00QS200000WBSrN,2026-10-06,baseline
00QS200000WBSjJ,2026-10-06,baseline
00QS200000WBSZd,2026-10-06,baseline
00QS200000WBSTB,2026-10-06,baseline
00QS200000WBSRZ,2026-10-06,baseline
00QS200000WBSJY,2026-10-06,baseline
00QS200000WBSBR,2026-10-06,baseline
00QS200000WBS8D,2026-10-06,baseline
00QS200000WBRyX,2026-10-06,baseline
00QS200000WBRvJ,2026-10-06,baseline
00QS200000WBRqV,2026-10-06,baseline
00QS200000WBRnF,2026-10-06,baseline
00QS200000WBRk1,2026-10-06,baseline
00QS200000WBRiP,2026-10-06,baseline
00QS200000WBRgo,2026-10-06,baseline
00QS200000WBRda,2026-10-06,baseline
00QS200000WBRaN,2026-10-06,baseline
00QS200000WBRTu,2026-10-06,baseline
00QS200000WBRSH,2026-10-06,baseline
00QS200000WBRLq,2026-10-06,baseline
00QS200000WBRIb,2026-10-06,baseline
00QS200000WBR5h,2026-10-06,baseline
00QS200000WBR46,2026-10-06,baseline
00QS200000WBR45,2026-10-06,baseline
00QS200000WBQzH,2026-10-06,baseline
00QS200000WBQsn,2026-10-06,baseline
00QS200000WBQrB,2026-10-06,baseline
00QS200000WBQeI,2026-10-06,baseline
00QS200000WBQb4,2026-10-06,baseline
00QS200000WBQXq,2026-10-06,baseline
00QS200000WBQXp,2026-10-06,baseline
00QS200000WBQWE,2026-10-06,baseline
00QS200000WBQRN,2026-10-06,baseline
00QS200000WBQOA,2026-10-06,baseline
00QS200000WBQG5,2026-10-06,baseline
00QS200000WBQ83,2026-10-06,baseline
00QS200000WBQ1Z,2026-10-06,baseline
00QS200000WBPzy,2026-10-06,baseline
00QS200000WBPv8,2026-10-06,baseline
00QS200000WBPn5,2026-10-06,baseline
00QS200000WBPn4,2026-10-06,baseline
00QS200000WBPjp,2026-10-06,baseline
00QS200000WBPiE,2026-10-06,baseline
00QS200000WBPdO,2026-10-06,baseline
00QS200000WBPa9,2026-10-06,baseline
00QS200000WBPWv,2026-10-06,baseline
00QS200000WBPQU,2026-10-06,baseline
00QS200000WBPIR,2026-10-06,baseline
00QS200000WBPIP,2026-10-06,baseline
00QS200000WBPFB,2026-10-06,baseline
00QS200000WBPBx,2026-10-06,baseline
00QS200000WBP5W,2026-10-06,baseline
00QS200000WBP3u,2026-10-06,baseline
00QS200000WBOxR,2026-10-06,baseline
00QS200000WBOr0,2026-10-06,baseline
00QS200000WBOnn,2026-10-06,baseline
00QS200000WBOmC,2026-10-06,baseline
00QS200000WBOmB,2026-10-06,baseline
00QS200000WBOiw,2026-10-06,baseline
00QS200000WBOhK,2026-10-06,baseline
00QS200000WBOhJ,2026-10-06,baseline
00QS200000WBOe5,2026-10-06,baseline
00QS200000WBOXe,2026-10-06,baseline
00QS200000WBOKj,2026-10-06,baseline
00QS200000WBOJ7,2026-10-06,baseline
00QS200000WBOEK,2026-10-06,baseline
00QS200000WBOCg,2026-10-06,baseline
00QS200000WBOB3,2026-10-06,baseline
00QS200000WBO6F,2026-10-06,baseline
00QS200000WBO31,2026-10-06,baseline
00QS200000WBO30,2026-10-06,baseline
00QS200000WBNy9,2026-10-06,baseline
00QS200000WBNwX,2026-10-06,baseline
00QS200000WBNen,2026-10-06,baseline
00QS200000WBNba,2026-10-06,baseline
00QS200000WBNWk,2026-10-06,baseline
00QS200000WBNV7,2026-10-06,baseline
00QS200000WBNOi,2026-10-06,baseline
00QS200000WBNOh,2026-10-06,baseline
00QS200000WBNJq,2026-10-06,baseline
00QS200000WBNJp,2026-10-06,baseline
00QS200000WBNID,2026-10-06,baseline
00QS200000WBNDT,2026-10-06,baseline
00QS200000WBNDQ,2026-10-06,baseline
00QS200000WBNBn,2026-10-06,baseline
00QS200000WBN8Z,2026-10-06,baseline
00QS200000WBMh9,2026-10-06,baseline
00QS200000WBMh8,2026-10-06,baseline
00QS200000WBMfW,2026-10-06,baseline
00QS200000WBMfV,2026-10-06,baseline
00QS200000WBMdt,2026-10-06,baseline
00QS200000WBMIv,2026-10-06,baseline
00QS200000WBMFh,2026-10-06,baseline
00QS200000WBMCT,2026-10-06,baseline
00QS200000WBM9F,2026-10-06,baseline
00QS200000WBM61,2026-10-06,baseline
00QS200000WBM1B,2026-10-06,baseline
00QS200000WBLjR,2026-10-06,baseline
00QS200000WBLhq,2026-10-06,baseline
00QS200000WBLQ8,2026-10-06,baseline
00QS200000WBLQ7,2026-10-06,baseline
00QS200000WBLQ6,2026-10-06,baseline
00QS200000WBL6j,2026-10-06,baseline
00QS200000WBKx4,2026-10-06,baseline
00QS200000WBKnN,2026-10-06,baseline
00QS200000WBKll,2026-10-06,baseline
00QS200000WBKiY,2026-10-06,baseline
00QS200000WBKfL,2026-10-06,baseline
00QS200000WBKXF,2026-10-06,baseline
00QS200000WBKU1,2026-10-06,baseline
00QS200000WBKQn,2026-10-06,baseline
00QS200000WBKPB,2026-10-06,baseline
00QS200000WBKFV,2026-10-06,baseline
00QS200000WBKDt,2026-10-06,baseline
00QS200000WBKCI,2026-10-06,baseline
00QS200000WBKAf,2026-10-06,baseline
00QS200000WBK7R,2026-10-06,baseline
00QS200000WBK5r,2026-10-06,baseline
00QS200000WBK5q,2026-10-06,baseline
00QS200000WBK0z,2026-10-06,baseline
00QS200000WBJzN,2026-10-06,baseline
00QS200000WBJxl,2026-10-06,baseline
00QS200000WBJsv,2026-10-06,baseline
00QS200000WBJpi,2026-10-06,baseline
00QS200000WBJo7,2026-10-06,baseline
00QS200000WBJks,2026-10-06,baseline
00QS200000WBJkr,2026-10-06,baseline
00QS200000WBJbC,2026-10-06,baseline
00QS200000WBJWM,2026-10-06,baseline
00QS200000WBJOI,2026-10-06,baseline
00QS200000WBJJS,2026-10-06,baseline
00QS200000WBJGD,2026-10-06,baseline
00QS200000WBJEb,2026-10-06,baseline
00QS200000WBJ4v,2026-10-06,baseline
00QS200000WBJ05,2026-10-06,baseline
00QS200000WBIyT,2026-10-06,baseline
00QS200000WBIwr,2026-10-06,baseline
00QS200000WBIqQ,2026-10-06,baseline
00QS200000WBInC,2026-10-06,baseline
00QS200000WBIjz,2026-10-06,baseline
00QS200000WBIf8,2026-10-06,baseline
00QS200000WBIdW,2026-10-06,baseline
00QS200000WBIbu,2026-10-06,baseline
00QS200000WBIaJ,2026-10-06,baseline
00QS200000WBIaH,2026-10-06,baseline
00QS200000WBISE,2026-10-06,baseline
00QS200000WBIIY,2026-10-06,baseline
00QS200000WBIDi,2026-10-06,baseline
00QS200000WBIC7,2026-10-06,baseline
00QS200000WBI7G,2026-10-06,baseline
00QS200000WBI2S,2026-10-06,baseline
00QS200000WBI2P,2026-10-06,baseline
00QS200000WBHzC,2026-10-06,baseline
00QS200000WBHw0,2026-10-06,baseline
00QS200000WBHvz,2026-10-06,baseline
00QS200000WBHr8,2026-10-06,baseline
00QS200000WBHkf,2026-10-06,baseline
00QS200000WBHb1,2026-10-06,baseline
00QS200000WBHUY,2026-10-06,baseline
00QS200000WBHUX,2026-10-06,baseline
00QS200000WBHRK,2026-10-06,baseline
00QS200000WBHRJ,2026-10-06,baseline
00QS200000WBHMV,2026-10-06,baseline
00QS200000WBH7x,2026-10-06,baseline
00QS200000WBGv5,2026-10-06,baseline
00QS200000WBGv3,2026-10-06,baseline
00QS200000WBGtS,2026-10-06,baseline
00QS200000WBGrp,2026-10-06,baseline
00QS200000WBGn0,2026-10-06,baseline
00QS200000WBGlO,2026-10-06,baseline
00QS200000WBGiB,2026-10-06,baseline
00QS200000WBGdJ,2026-10-06,baseline
00QS200000WBGYX,2026-10-06,baseline
00QS200000WBGYW,2026-10-06,baseline
00QS200000WBGVF,2026-10-06,baseline
00QS200000WBGLZ,2026-10-06,baseline
00QS200000WBGGj,2026-10-06,baseline
00QS200000WBGF8,2026-10-06,baseline
00QS200000WBGAH,2026-10-06,baseline
00QS200000WBFvp,2026-10-06,baseline
00QS200000WBFvn,2026-10-06,baseline
00QS200000WBFsY,2026-10-06,baseline
00QS200000WBFm6,2026-10-06,baseline
00QS200000WBFm5,2026-10-06,baseline
00QS200000WBFit,2026-10-06,baseline
00QS200000WBFW0,2026-10-06,baseline
00QS200000WBFR9,2026-10-06,baseline
00QS200000WBFPX,2026-10-06,baseline
00QS200000WBFNt,2026-10-06,baseline
00QS200000WBFFp,2026-10-06,baseline
00QS200000WBF7l,2026-10-06,baseline
00QS200000WBF6C,2026-10-06,baseline
00QS200000WBF2w,2026-10-06,baseline
00QS200000WBF1J,2026-10-06,baseline
00QS200000WBEzm,2026-10-06,baseline
00QS200000WBEzk,2026-10-06,baseline
00QS200000WBEzi,2026-10-06,baseline
00QS200000WBEur,2026-10-06,baseline
00QS200000WBEoR,2026-10-06,baseline
00QS200000WBEmq,2026-10-06,baseline
00QS200000WBEmo,2026-10-06,baseline
00QS200000WBElD,2026-10-06,baseline
00QS200000WBElB,2026-10-06,baseline
00QS200000WBEdA,2026-10-06,baseline
00QS200000WBEbV,2026-10-06,baseline
00QS200000WBEYI,2026-10-06,baseline
00QS200000WBEWh,2026-10-06,baseline
00QS200000WBEQD,2026-10-06,baseline
00QS200000WBEOb,2026-10-06,baseline
00QS200000WBELN,2026-10-06,baseline
00QS200000WBEJl,2026-10-06,baseline
00QS200000WBEI9,2026-10-06,baseline
00QS200000WBEBh,2026-10-06,baseline
00QS200000WBEA6,2026-10-06,baseline
00QS200000WBEA5,2026-10-06,baseline
00QS200000WBE6s,2026-10-06,baseline
00QS200000WBE3i,2026-10-06,baseline
00QS200000WBE21,2026-10-06,baseline
00QS200000WBDsL,2026-10-06,baseline
00QS200000WBDlt,2026-10-06,baseline
00QS200000WBDdr,2026-10-06,baseline
00QS200000WBDad,2026-10-06,baseline
00QS200000WBDab,2026-10-06,baseline
00QS200000WBDYz,2026-10-06,baseline
00QS200000WBDQv,2026-10-06,baseline
00QS200000WBDE1,2026-10-06,baseline
00QS200000WBD7Z,2026-10-06,baseline
00QS200000WBD5y,2026-10-06,baseline
00QS200000WBD5x,2026-10-06,baseline
00QS200000WBD2n,2026-10-06,baseline
00QS200000WBD2j,2026-10-06,baseline
00QS200000WBD18,2026-10-06,baseline
00QS200000WBCmb,2026-10-06,baseline
00QS200000WBCjO,2026-10-06,baseline
00QS200000WBCZi,2026-10-06,baseline
00QS200000WBCY6,2026-10-06,baseline
00QS200000WBCY5,2026-10-06,baseline
00QS200000WBCUt,2026-10-06,baseline
00QS200000WBCTF,2026-10-06,baseline
00QS200000WBCQ2,2026-10-06,baseline
00QS200000WBCD9,2026-10-06,baseline
00QS200000WBCBW,2026-10-06,baseline
00QS200000WBC9t,2026-10-06,baseline
00QS200000WBC1p,2026-10-06,baseline
00QS200000WBC0E,2026-10-06,baseline
00QS200000WBBx0,2026-10-06,baseline
00QS200000WBBsC,2026-10-06,baseline
00QS200000WBBiU,2026-10-06,baseline
00QS200000WBBc3,2026-10-06,baseline
00QS200000WBBaQ,2026-10-06,baseline
00QS200000WBBaP,2026-10-06,baseline
00QS200000WBBYo,2026-10-06,baseline
00QS200000WBBYn,2026-10-06,baseline
00QS200000WBBKI,2026-10-06,baseline
00QS200000WBBCE,2026-10-06,baseline
00QS200000WBB49,2026-10-06,baseline
00QS200000WBAw7,2026-10-06,baseline
00QS200000WBAuT,2026-10-06,baseline
00QS200000WBArF,2026-10-06,baseline
00QS200000WBAUf,2026-10-06,baseline
00QS200000WBAT3,2026-10-06,baseline
00QS200000WBARS,2026-10-06,baseline
00QS200000WBAOD,2026-10-06,baseline
00QS200000WBAG9,2026-10-06,baseline
00QS200000WBA6U,2026-10-06,baseline
00QS200000WB9qM,2026-10-06,baseline
00QS200000WB9n7,2026-10-06,baseline
00QS200000WB9jv,2026-10-06,baseline
00QS200000WB9iI,2026-10-06,baseline
00QS200000WB9aD,2026-10-06,baseline
00QS200000WB9Yb,2026-10-06,baseline
00QS200000WB9S9,2026-10-06,baseline
00QS200000WB9Ov,2026-10-06,baseline
00QS200000WB9Li,2026-10-06,baseline
00QS200000WB9K7,2026-10-06,baseline
00QS200000WB9K6,2026-10-06,baseline
00QS200000WB9FF,2026-10-06,baseline
00QS200000WB9Dd,2026-10-06,baseline
00QS200000WB9C1,2026-10-06,baseline
00QS200000WB8uH,2026-10-06,baseline
00QS200000WB8sg,2026-10-06,baseline
00QS200000WB8sf,2026-10-06,baseline
00QS200000WB8r3,2026-10-06,baseline
00QS200000WB8pS,2026-10-06,baseline
00QS200000WB8mF,2026-10-06,baseline
00QS200000WB8mD,2026-10-06,baseline
00QS200000WB8hN,2026-10-06,baseline
00QS200000WB8av,2026-10-06,baseline
00QS200000WB8W6,2026-10-06,baseline
00QS200000WB8W5,2026-10-06,baseline
00QS200000WB8RG,2026-10-06,baseline
00QS200000WB8RF,2026-10-06,baseline
00QS200000WB8Pd,2026-10-06,baseline
00QS200000WB8Ko,2026-10-06,baseline
00QS200000WB8JB,2026-10-06,baseline
00QS200000WB8B7,2026-10-06,baseline
00QS200000WB89V,2026-10-06,baseline
00QS200000WB87u,2026-10-06,baseline
00QS200000WB86H,2026-10-06,baseline
00QS200000WB81R,2026-10-06,baseline
00QS200000WB7zq,2026-10-06,baseline
00QS200000WB7wb,2026-10-06,baseline
00QS200000WB7mw,2026-10-06,baseline
00QS200000WB7jh,2026-10-06,baseline
00QS200000WB7i5,2026-10-06,baseline
00QS200000WB7dF,2026-10-06,baseline
00QS200000WB7be,2026-10-06,baseline
00QS200000WB7bd,2026-10-06,baseline
00QS200000WB7a1,2026-10-06,baseline
00QS200000WB7YP,2026-10-06,baseline
00QS200000WB7VC,2026-10-06,baseline
00QS200000WB7N8,2026-10-06,baseline
00QS200000WB7Gf,2026-10-06,baseline
00QS200000WB7F4,2026-10-06,baseline
00QS200000WB7AD,2026-10-06,baseline
00QS200000WB75O,2026-10-06,baseline
00QS200000WB72C,2026-10-06,baseline
00QS200000WB72B,2026-10-06,baseline
00QS200000WB729,2026-10-06,baseline
00QS200000WB6vj,2026-10-06,baseline
00QS200000WB6u6,2026-10-06,baseline
00QS200000WB6sU,2026-10-06,baseline
00QS200000WB6qt,2026-10-06,baseline
00QS200000WB6nd,2026-10-06,baseline
00QS200000WB6ip,2026-10-06,baseline
00QS200000WB6io,2026-10-06,baseline
00QS200000WB6fZ,2026-10-06,baseline
00QS200000WB6dx,2026-10-06,baseline
00QS200000WB6cM,2026-10-06,baseline
00QS200000WB6Z8,2026-10-06,baseline
00QS200000WB6Z7,2026-10-06,baseline
00QS200000WB6XV,2026-10-06,baseline
00QS200000WB6Vt,2026-10-06,baseline
00QS200000WB6UL,2026-10-06,baseline
00QS200000WB6UK,2026-10-06,baseline
00QS200000WB6UJ,2026-10-06,baseline
00QS200000WB6UI,2026-10-06,baseline
00QS200000WB6MD,2026-10-06,baseline
00QS200000WB6Kd,2026-10-06,baseline
00QS200000WB6E9,2026-10-06,baseline
00QS200000WB6Aw,2026-10-06,baseline
00QS200000WB6Av,2026-10-06,baseline
00QS200000WB67h,2026-10-06,baseline
00QS200000WB665,2026-10-06,baseline
00QS200000WB64U,2026-10-06,baseline
00QS200000WB61F,2026-10-06,baseline
00QS200000WB5y3,2026-10-06,baseline
00QS200000WB5wQ,2026-10-06,baseline
00QS200000WB5un,2026-10-06,baseline
00QS200000WB5tB,2026-10-06,baseline
00QS200000WB5rZ,2026-10-06,baseline
00QS200000WB5q0,2026-10-06,baseline
00QS200000WB5px,2026-10-06,baseline
00QS200000WB5jW,2026-10-06,baseline
00QS200000WB5ef,2026-10-06,baseline
00QS200000WB5bR,2026-10-06,baseline
00QS200000WB5Wb,2026-10-06,baseline
00QS200000WB5I6,2026-10-06,baseline
00QS200000WB5GV,2026-10-06,baseline
00QS200000WB5GU,2026-10-06,baseline
00QS200000WB5Et,2026-10-06,baseline
00QS200000WB5Bd,2026-10-06,baseline
00QS200000WB56q,2026-10-06,baseline
00QS200000WB56p,2026-10-06,baseline
00QS200000WB55F,2026-10-06,baseline
00QS200000WB53b,2026-10-06,baseline
00QS200000WB51x,2026-10-06,baseline
00QS200000WB4tt,2026-10-06,baseline
00QS200000WB4nR,2026-10-06,baseline
00QS200000WB4kF,2026-10-06,baseline
00QS200000WB4kE,2026-10-06,baseline
00QS200000WB4ik,2026-10-06,baseline
00QS200000WB4ih,2026-10-06,baseline
00QS200000WB4dm,2026-10-06,baseline
00QS200000WB4dl,2026-10-06,baseline
00QS200000WB4aY,2026-10-06,baseline
00QS200000WB4Nf,2026-10-06,baseline
00QS200000WB4Ne,2026-10-06,baseline
00QS200000WB4Nd,2026-10-06,baseline
00QS200000WB4M3,2026-10-06,baseline
00QS200000WB4KR,2026-10-06,baseline
00QS200000WB47V,2026-10-06,baseline
00QS200000WB42h,2026-10-06,baseline
00QS200000WB414,2026-10-06,baseline
00QS200000WB413,2026-10-06,baseline
00QS200000WB3jL,2026-10-06,baseline
00QS200000WB3jK,2026-10-06,baseline
00QS200000WB3hi,2026-10-06,baseline
00QS200000WB3g5,2026-10-06,baseline
00QS200000WB3cs,2026-10-06,baseline
00QS200000WB3cr,2026-10-06,baseline
00QS200000WB3WP,2026-10-06,baseline
00QS200000WB3Un,2026-10-06,baseline
00QS200000WB3Q0,2026-10-06,baseline
00QS200000WB3Pz,2026-10-06,baseline
00QS200000WB3Py,2026-10-06,baseline
00QS200000WB3Hv,2026-10-06,baseline
00QS200000WB3Ef,2026-10-06,baseline
00QS200000WB39q,2026-10-06,baseline
00QS200000WB38E,2026-10-06,baseline
00QS200000WB36b,2026-10-06,baseline
00QS200000WB350,2026-10-06,baseline
00QS200000WB34z,2026-10-06,baseline
00QS200000WB30B,2026-10-06,baseline
00QS200000WB30A,2026-10-06,baseline
00QS200000WB2vL,2026-10-06,baseline
00QS200000WB2vK,2026-10-06,baseline
00QS200000WB2th,2026-10-06,baseline
00QS200000WB2s8,2026-10-06,baseline
00QS200000WB2s7,2026-10-06,baseline
00QS200000WB2qX,2026-10-06,baseline
00QS200000WB2le,2026-10-06,baseline
00QS200000WB2k2,2026-10-06,baseline
00QS200000WB2gn,2026-10-06,baseline
00QS200000WB2fC,2026-10-06,baseline
00QS200000WB2fB,2026-10-06,baseline
00QS200000WB2c0,2026-10-06,baseline
00QS200000WB2aM,2026-10-06,baseline
00QS200000WB2NR,2026-10-06,baseline
00QS200000WB2Lp,2026-10-06,baseline
00QS200000WB2KD,2026-10-06,baseline
00QS200000WB2H2,2026-10-06,baseline
00QS200000WB2H0,2026-10-06,baseline
00QS200000WB2CC,2026-10-06,baseline
00QS200000WB2AX,2026-10-06,baseline
00QS200000WB27L,2026-10-06,baseline
00QS200000WB25j,2026-10-06,baseline
00QS200000WB25i,2026-10-06,baseline
00QS200000WB1nx,2026-10-06,baseline
00QS200000WB1j9,2026-10-06,baseline
00QS200000WB1eH,2026-10-06,baseline
00QS200000WB1b3,2026-10-06,baseline
00QS200000WB1Xq,2026-10-06,baseline
00QS200000WB1Xp,2026-10-06,baseline
00QS200000WB1RS,2026-10-06,baseline
00QS200000WB1RR,2026-10-06,baseline
00QS200000WB1RQ,2026-10-06,baseline
00QS200000WB1Hh,2026-10-06,baseline
00QS200000WB11Z,2026-10-06,baseline
00QS200000WB0wj,2026-10-06,baseline
00QS200000WB0rv,2026-10-06,baseline
00QS200000WB0qJ,2026-10-06,baseline
00QS200000WB0a9,2026-10-06,baseline
00QS200000WB0YZ,2026-10-06,baseline
00QS200000WB0Wv,2026-10-06,baseline
00QS200000WB0VK,2026-10-06,baseline
00QS200000WB0QV,2026-10-06,baseline
00QS200000WB0NG,2026-10-06,baseline
00QS200000WB0Ld,2026-10-06,baseline
00QS200000WB0IP,2026-10-06,baseline
00QS200000WB0Gp,2026-10-06,baseline
00QS200000WB0Go,2026-10-06,baseline
00QS200000WB0C0,2026-10-06,baseline
00QS200000WB05Z,2026-10-06,baseline
00QS200000WB02H,2026-10-06,baseline
00QS200000WB00h,2026-10-06,baseline
00QS200000WB00g,2026-10-06,baseline
00QS200000WB00f,2026-10-06,baseline
00QS200000WAzz5,2026-10-06,baseline
00QS200000WAzkX,2026-10-06,baseline
00QS200000WAzhJ,2026-10-06,baseline
00QS200000WAzcU,2026-10-06,baseline
00QS200000WAzSn,2026-10-06,baseline
00QS200000WAzNy,2026-10-06,baseline
00QS200000WAzJ8,2026-10-06,baseline
00QS200000WAzHX,2026-10-06,baseline
00QS200000WAzFt,2026-10-06,baseline
00QS200000WAzB5,2026-10-06,baseline
00QS200000WAz9R,2026-10-06,baseline
00QS200000WAyzl,2026-10-06,baseline
00QS200000WAyoT,2026-10-06,baseline
00QS200000WAymt,2026-10-06,baseline
00QS200000WAylF,2026-10-06,baseline
00QS200000WAyjd,2026-10-06,baseline
00QS200000WAyi2,2026-10-06,baseline
00QS200000WAyi1,2026-10-06,baseline
00QS200000WAyeo,2026-10-06,baseline
00QS200000WAyN3,2026-10-06,baseline
00QS200000WAyGd,2026-10-06,baseline
00QS200000WAyGb,2026-10-06,baseline
00QS200000WAyF1,2026-10-06,baseline
00QS200000WAyEz,2026-10-06,baseline
00QS200000WAyAA,2026-10-06,baseline
00QS200000WAy8X,2026-10-06,baseline
00QS200000WAy5L,2026-10-06,baseline
00QS200000WAy3i,2026-10-06,baseline
00QS200000WAy26,2026-10-06,baseline
00QS200000WAy0W,2026-10-06,baseline
00QS200000WAxu1,2026-10-06,baseline
00QS200000WAxqn,2026-10-06,baseline
00QS200000WAxpB,2026-10-06,baseline
00QS200000WAxnZ,2026-10-06,baseline
00QS200000WAxfW,2026-10-06,baseline
00QS200000WAxdu,2026-10-06,baseline
00QS200000WAxdt,2026-10-06,baseline
00QS200000WAxcH,2026-10-06,baseline
00QS200000WAxaf,2026-10-06,baseline
00QS200000WAxZ3,2026-10-06,baseline
00QS200000WAxSb,2026-10-06,baseline
00QS200000WAxQz,2026-10-06,baseline
00QS200000WAxE7,2026-10-06,baseline
00QS200000WAxE6,2026-10-06,baseline
00QS200000WAxAs,2026-10-06,baseline
00QS200000WAxAr,2026-10-06,baseline
00QS200000WAx7d,2026-10-06,baseline
00QS200000WAx61,2026-10-06,baseline
00QS200000WAx2o,2026-10-06,baseline
00QS200000WAx2n,2026-10-06,baseline
00QS200000WAwjR,2026-10-06,baseline
00QS200000WAweb,2026-10-06,baseline
00QS200000WAwWY,2026-10-06,baseline
00QS200000WAwGP,2026-10-06,baseline
00QS200000WAw9x,2026-10-06,baseline
00QS200000WAw58,2026-10-06,baseline
00QS200000WAw3V,2026-10-06,baseline
00QS200000WAvx3,2026-10-06,baseline
00QS200000WAvsF,2026-10-06,baseline
00QS200000WAvqc,2026-10-06,baseline
00QS200000WAvfJ,2026-10-06,baseline
00QS200000WAvdh,2026-10-06,baseline
00QS200000WAvXG,2026-10-06,baseline
00QS200000WAvQo,2026-10-06,baseline
00QS200000WAvPB,2026-10-06,baseline
00QS200000WAvIk,2026-10-06,baseline
00QS200000WAvDv,2026-10-06,baseline
00QS200000WAv93,2026-10-06,baseline
00QS200000WAv0z,2026-10-06,baseline
00QS200000WAusv,2026-10-06,baseline
00QS200000WAuo5,2026-10-06,baseline
00QS200000WAumT,2026-10-06,baseline
00QS200000WAuku,2026-10-06,baseline
00QS200000WAueP,2026-10-06,baseline
00QS200000WAuZZ,2026-10-06,baseline
00QS200000WAuWM,2026-10-06,baseline
00QS200000WAuWL,2026-10-06,baseline
00QS200000WAuT7,2026-10-06,baseline
00QS200000WAuL3,2026-10-06,baseline
00QS200000WAuHp,2026-10-06,baseline
00QS200000WAuEc,2026-10-06,baseline
00QS200000WAu9o,2026-10-06,baseline
00QS200000WAu89,2026-10-06,baseline
00QS200000WAtyT,2026-10-06,baseline
00QS200000WAtte,2026-10-06,baseline
00QS200000WAtgj,2026-10-06,baseline
00QS200000WAtf8,2026-10-06,baseline
00QS200000WAtX3,2026-10-06,baseline
00QS200000WAtSE,2026-10-06,baseline
00QS200000WAtIX,2026-10-06,baseline
00QS200000WAtGv,2026-10-06,baseline
00QS200000WAt5d,2026-10-06,baseline
00QS200000WAt43,2026-10-06,baseline
00QS200000WAt0n,2026-10-06,baseline
00QS200000WAszB,2026-10-06,baseline
00QS200000WAsvx,2026-10-06,baseline
00QS200000WAsnt,2026-10-06,baseline
00QS200000WAskf,2026-10-06,baseline
00QS200000WAsj4,2026-10-06,baseline
00QS200000WAshS,2026-10-06,baseline
00QS200000WAsW9,2026-10-06,baseline
00QS200000WAsUY,2026-10-06,baseline
00QS200000WAsSx,2026-10-06,baseline
00QS200000WAsKs,2026-10-06,baseline
00QS200000WAsKr,2026-10-06,baseline
00QS200000WAsEP,2026-10-06,baseline
00QS200000WAs4j,2026-10-06,baseline
00QS200000WAs37,2026-10-06,baseline
00QS200000WAryH,2026-10-06,baseline
00QS200000WArtR,2026-10-06,baseline
00QS200000WArlQ,2026-10-06,baseline
00QS200000WArlP,2026-10-06,baseline
00QS200000WArga,2026-10-06,baseline
00QS200000WArYT,2026-10-06,baseline
00QS200000WArWs,2026-10-06,baseline
00QS200000WArGk,2026-10-06,baseline
00QS200000WArGj,2026-10-06,baseline
00QS200000WAr8g,2026-10-06,baseline
00QS200000WAr5R,2026-10-06,baseline
00QS200000WAqyz,2026-10-06,baseline
00QS200000WAqvn,2026-10-06,baseline
00QS200000WAqvm,2026-10-06,baseline
00QS200000WAqu9,2026-10-06,baseline
00QS200000WAqqw,2026-10-06,baseline
00QS200000WAqhF,2026-10-06,baseline
00QS200000WAqXZ,2026-10-06,baseline
00QS200000WAqUL,2026-10-06,baseline
00QS200000WAqKf,2026-10-06,baseline
00QS200000WAqHR,2026-10-06,baseline
00QS200000WAqFp,2026-10-06,baseline
00QS200000WAq9N,2026-10-06,baseline
00QS200000WAq4X,2026-10-06,baseline
00QS200000WAptF,2026-10-06,baseline
00QS200000WApoP,2026-10-06,baseline
00QS200000WApZt,2026-10-06,baseline
00QS200000WApRr,2026-10-06,baseline
00QS200000WApJm,2026-10-06,baseline
00QS200000WApEx,2026-10-06,baseline
00QS200000WApDK,2026-10-06,baseline
00QS200000WAp8U,2026-10-06,baseline
00QS200000WAp6s,2026-10-06,baseline
00QS200000WAonW,2026-10-06,baseline
00QS200000WAokH,2026-10-06,baseline
00QS200000WAoih,2026-10-06,baseline
00QS200000WAofS,2026-10-06,baseline
00QS200000WAodq,2026-10-06,baseline
00QS200000WAocD,2026-10-06,baseline
00QS200000WAoab,2026-10-06,baseline
00QS200000WAoUA,2026-10-06,baseline
00QS200000WAoSY,2026-10-06,baseline
00QS200000WAoNi,2026-10-06,baseline
00QS200000WAoHK,2026-10-06,baseline
00QS200000WAoE1,2026-10-06,baseline
00QS200000WAoCP,2026-10-06,baseline
00QS200000WAoAn,2026-10-06,baseline
00QS200000WAo9G,2026-10-06,baseline
00QS200000WAo9C,2026-10-06,baseline
00QS200000WAo7Z,2026-10-06,baseline
00QS200000WAo2m,2026-10-06,baseline
00QS200000WAo2k,2026-10-06,baseline
00QS200000WAnxt,2026-10-06,baseline
00QS200000WAnwH,2026-10-06,baseline
00QS200000WAnt5,2026-10-06,baseline
00QS200000WAnt4,2026-10-06,baseline
00QS200000WAnmb,2026-10-06,baseline
00QS200000WAnl2,2026-10-06,baseline
00QS200000WAnl1,2026-10-06,baseline
00QS200000WAnkz,2026-10-06,baseline
00QS200000WAneX,2026-10-06,baseline
00QS200000WAnZh,2026-10-06,baseline
00QS200000WAnLB,2026-10-06,baseline
00QS200000WAn9t,2026-10-06,baseline
00QS200000WAn1p,2026-10-06,baseline
00QS200000WAmyb,2026-10-06,baseline
00QS200000WAmx0,2026-10-06,baseline
00QS200000WAmvN,2026-10-06,baseline
00QS200000WAmnL,2026-10-06,baseline
00QS200000WAmk6,2026-10-06,baseline
00QS200000WAmaP,2026-10-06,baseline
00QS200000WAmVZ,2026-10-06,baseline
00QS200000WAmP7,2026-10-06,baseline
00QS200000WAmIf,2026-10-06,baseline
00QS200000WAmH3,2026-10-06,baseline
00QS200000WAmFR,2026-10-06,baseline
00QS200000WAlmP,2026-10-06,baseline
00QS200000WAljB,2026-10-06,baseline
00QS200000WAlXt,2026-10-06,baseline
00QS200000WAlMb,2026-10-06,baseline
00QS200000WAlKz,2026-10-06,baseline
00QS200000WAl9i,2026-10-06,baseline
00QS200000WAl9h,2026-10-06,baseline
00QS200000WAkwn,2026-10-06,baseline
00QS200000WAkta,2026-10-06,baseline
00QS200000WAkdR,2026-10-06,baseline
00QS200000WAkbp,2026-10-06,baseline
00QS200000WAkaE,2026-10-06,baseline
00QS200000WAkYb,2026-10-06,baseline
00QS200000WAkIT,2026-10-06,baseline
00QS200000WAkFF,2026-10-06,baseline
00QS200000WAk0j,2026-10-06,baseline
00QS200000WAjxX,2026-10-06,baseline
00QS200000WAjpR,2026-10-06,baseline
00QS200000WAjkc,2026-10-06,baseline
00QS200000WAjkb,2026-10-06,baseline
00QS200000WAjfl,2026-10-06,baseline
00QS200000WAjcX,2026-10-06,baseline
00QS200000WAjb3,2026-10-06,baseline
00QS200000WAjW5,2026-10-06,baseline
00QS200000WAjUT,2026-10-06,baseline
00QS200000WAjSv,2026-10-06,baseline
00QS200000WAjSt,2026-10-06,baseline
00QS200000WAjPd,2026-10-06,baseline
00QS200000WAjJB,2026-10-06,baseline
00QS200000WAj6H,2026-10-06,baseline
00QS200000WAiuz,2026-10-06,baseline
00QS200000WAimv,2026-10-06,baseline
00QS200000WAiWn,2026-10-06,baseline
00QS200000WAiQM,2026-10-06,baseline
00QS200000WAiJt,2026-10-06,baseline
00QS200000WAiF3,2026-10-06,baseline
00QS200000WAi6z,2026-10-06,baseline
00QS200000WAi3m,2026-10-06,baseline
00QS200000WAhyw,2026-10-06,baseline
00QS200000WAhxM,2026-10-06,baseline
00QS200000WAhxJ,2026-10-06,baseline
00QS200000WAhvh,2026-10-06,baseline
00QS200000WAhqs,2026-10-06,baseline
00QS200000WAhm1,2026-10-06,baseline
00QS200000WAhip,2026-10-06,baseline
00QS200000WAhhB,2026-10-06,baseline
00QS200000WAhVu,2026-10-06,baseline
00QS200000WAhSh,2026-10-06,baseline
00QS200000WAhSf,2026-10-06,baseline
00QS200000WAhMD,2026-10-06,baseline
00QS200000WAhIz,2026-10-06,baseline
00QS200000WAhHN,2026-10-06,baseline
00QS200000WAhFm,2026-10-06,baseline
00QS200000WAhAv,2026-10-06,baseline
00QS200000WAh4T,2026-10-06,baseline
00QS200000WAgwQ,2026-10-06,baseline
00QS200000WAgun,2026-10-06,baseline
00QS200000WAgtC,2026-10-06,baseline
00QS200000WAgoN,2026-10-06,baseline
00QS200000WAgjV,2026-10-06,baseline
00QS200000WAggH,2026-10-06,baseline
00QS200000WAgef,2026-10-06,baseline
00QS200000WAgbR,2026-10-06,baseline
00QS200000WAgTN,2026-10-06,baseline
00QS200000WAgQ9,2026-10-06,baseline
00QS200000WAgEr,2026-10-06,baseline
00QS200000WAgDG,2026-10-06,baseline
00QS200000WAgBd,2026-10-06,baseline
00QS200000WAg8P,2026-10-06,baseline
00QS200000WAg6o,2026-10-06,baseline
00QS200000WAg1y,2026-10-06,baseline
00QS200000WAfvV,2026-10-06,baseline
00QS200000WAfqg,2026-10-06,baseline
00QS200000WAfnS,2026-10-06,baseline
00QS200000WAfkD,2026-10-06,baseline
00QS200000WAfdl,2026-10-06,baseline
00QS200000WAfcB,2026-10-06,baseline
00QS200000WAfYv,2026-10-06,baseline
00QS200000WAfXJ,2026-10-06,baseline
00QS200000WAfVh,2026-10-06,baseline
00QS200000WAfU6,2026-10-06,baseline
00QS200000WAfU5,2026-10-06,baseline
00QS200000WAfSU,2026-10-06,baseline
00QS200000WAfQr,2026-10-06,baseline
00QS200000WAfM2,2026-10-06,baseline
00QS200000WAfM1,2026-10-06,baseline
00QS200000WAfDz,2026-10-06,baseline
00QS200000WAfCM,2026-10-06,baseline
00QS200000WAfCL,2026-10-06,baseline
00QS200000WAfAj,2026-10-06,baseline
00QS200000WAf4I,2026-10-06,baseline
00QS200000WAf2f,2026-10-06,baseline
00QS200000WAf14,2026-10-06,baseline
00QS200000WAexr,2026-10-06,baseline
00QS200000WAepl,2026-10-06,baseline
00QS200000WAeoA,2026-10-06,baseline
00QS200000WAejJ,2026-10-06,baseline
00QS200000WAehk,2026-10-06,baseline
00QS200000WAecs,2026-10-06,baseline
00QS200000WAeWQ,2026-10-06,baseline
00QS200000WAeWP,2026-10-06,baseline
00QS200000WAeUo,2026-10-06,baseline
00QS200000WAeTC,2026-10-06,baseline
00QS200000WAeRd,2026-10-06,baseline
00QS200000WAeRZ,2026-10-06,baseline
00QS200000WAePx,2026-10-06,baseline
00QS200000WAeOL,2026-10-06,baseline
00QS200000WAeMj,2026-10-06,baseline
00QS200000WAeL7,2026-10-06,baseline
00QS200000WAeJV,2026-10-06,baseline
00QS200000WAeHt,2026-10-06,baseline
00QS200000WAeGH,2026-10-06,baseline
00QS200000WAeD3,2026-10-06,baseline
00QS200000WAeBR,2026-10-06,baseline
00QS200000WAe9p,2026-10-06,baseline
00QS200000WAe50,2026-10-06,baseline
00QS200000WAe0B,2026-10-06,baseline
00QS200000WAdyY,2026-10-06,baseline
00QS200000WAdvJ,2026-10-06,baseline
00QS200000WAdti,2026-10-06,baseline
00QS200000WAdth,2026-10-06,baseline
00QS200000WAds5,2026-10-06,baseline
00QS200000WAdqT,2026-10-06,baseline
00QS200000WAdor,2026-10-06,baseline
00QS200000WAdnF,2026-10-06,baseline
00QS200000WAdk2,2026-10-06,baseline
00QS200000WAdiQ,2026-10-06,baseline
00QS200000WAdgo,2026-10-06,baseline
00QS200000WAdgn,2026-10-06,baseline
00QS200000WAdYl,2026-10-06,baseline
00QS200000WAdYj,2026-10-06,baseline
00QS200000WAdX7,2026-10-06,baseline
00QS200000WAdVV,2026-10-06,baseline
00QS200000WAdTt,2026-10-06,baseline
00QS200000WAdSH,2026-10-06,baseline
00QS200000WAdQf,2026-10-06,baseline
00QS200000WAdP3,2026-10-06,baseline
00QS200000WAdNR,2026-10-06,baseline
00QS200000WAdLp,2026-10-06,baseline
00QS200000WAdIb,2026-10-06,baseline
00QS200000WAd2T,2026-10-06,baseline
00QS200000WAd0r,2026-10-06,baseline
00QS200000WAczF,2026-10-06,baseline
00QS200000WAcxd,2026-10-06,baseline
00QS200000WAcw1,2026-10-06,baseline
00QS200000WAcuP,2026-10-06,baseline
00QS200000WAcrD,2026-10-06,baseline
00QS200000WAcnx,2026-10-06,baseline
00QS200000WAcmL,2026-10-06,baseline
00QS200000WAcj8,2026-10-06,baseline
00QS200000WAcj7,2026-10-06,baseline
00QS200000WAchX,2026-10-06,baseline
00QS200000WAccf,2026-10-06,baseline
00QS200000WAcb3,2026-10-06,baseline
00QS200000WAcZT,2026-10-06,baseline
00QS200000WAcZS,2026-10-06,baseline
00QS200000WAcXp,2026-10-06,baseline
00QS200000WAcWF,2026-10-06,baseline
00QS200000WAcWD,2026-10-06,baseline
00QS200000WAcUb,2026-10-06,baseline
00QS200000WAcT2,2026-10-06,baseline
00QS200000WAcT1,2026-10-06,baseline
00QS200000WAcSz,2026-10-06,baseline
00QS200000WAcRN,2026-10-06,baseline
00QS200000WAcPl,2026-10-06,baseline
00QS200000WAcJK,2026-10-06,baseline
00QS200000WAcHi,2026-10-06,baseline
00QS200000WAcG6,2026-10-06,baseline
00QS200000WAcCs,2026-10-06,baseline
00QS200000WAcCr,2026-10-06,baseline
00QS200000WAcBG,2026-10-06,baseline
00QS200000WAcBF,2026-10-06,baseline
00QS200000WAc9d,2026-10-06,baseline
00QS200000WAc83,2026-10-06,baseline
00QS200000WAc82,2026-10-06,baseline
00QS200000WAc81,2026-10-06,baseline
00QS200000WAc6R,2026-10-06,baseline
00QS200000WAc6Q,2026-10-06,baseline
00QS200000WAc6P,2026-10-06,baseline
00QS200000WAc4p,2026-10-06,baseline
00QS200000WAc4o,2026-10-06,baseline
00QS200000WAc4n,2026-10-06,baseline
00QS200000WAc3C,2026-10-06,baseline
00QS200000WAc3B,2026-10-06,baseline
00QS200000WAc1Z,2026-10-06,baseline
00QS200000WAbzx,2026-10-06,baseline
00QS200000WAbwl,2026-10-06,baseline
00QS200000WAbrt,2026-10-06,baseline
00QS200000WAbog,2026-10-06,baseline
00QS200000WAbof,2026-10-06,baseline
00QS200000WAbn3,2026-10-06,baseline
00QS200000WAblR,2026-10-06,baseline
00QS200000WAbiD,2026-10-06,baseline
00QS200000WAbgb,2026-10-06,baseline
00QS200000WAbf1,2026-10-06,baseline
00QS200000WAbez,2026-10-06,baseline
00QS200000WAbdN,2026-10-06,baseline
00QS200000WAbbl,2026-10-06,baseline
00QS200000WAba9,2026-10-06,baseline
00QS200000WAbVL,2026-10-06,baseline
00QS200000WAbVK,2026-10-06,baseline
00QS200000WAbQW,2026-10-06,baseline
00QS200000WAbQV,2026-10-06,baseline
00QS200000WAbOs,2026-10-06,baseline
00QS200000WAbNF,2026-10-06,baseline
00QS200000WAbLd,2026-10-06,baseline
00QS200000WAbK1,2026-10-06,baseline
00QS200000WAbIP,2026-10-06,baseline
00QS200000WAbGn,2026-10-06,baseline
00QS200000WAbFB,2026-10-06,baseline
00QS200000WAbDb,2026-10-06,baseline
00QS200000WAbDa,2026-10-06,baseline
00QS200000WAbBy,2026-10-06,baseline
00QS200000WAbAO,2026-10-06,baseline
00QS200000WAbAL,2026-10-06,baseline
00QS200000WAb8k,2026-10-06,baseline
00QS200000WAb8j,2026-10-06,baseline
00QS200000WAb77,2026-10-06,baseline
00QS200000WAb5V,2026-10-06,baseline
00QS200000WAb3t,2026-10-06,baseline
00QS200000WAb2H,2026-10-06,baseline
00QS200000WAb0f,2026-10-06,baseline
00QS200000WAaz3,2026-10-06,baseline
00QS200000WAaxS,2026-10-06,baseline
00QS200000WAaxR,2026-10-06,baseline
00QS200000WAavp,2026-10-06,baseline
00QS200000WAauD,2026-10-06,baseline
00QS200000WAasb,2026-10-06,baseline
00QS200000WAaqz,2026-10-06,baseline
00QS200000WAapN,2026-10-06,baseline
00QS200000WAanm,2026-10-06,baseline
00QS200000WAanl,2026-10-06,baseline
00QS200000WAamB,2026-10-06,baseline
00QS200000WAamA,2026-10-06,baseline
00QS200000WAam9,2026-10-06,baseline
00QS200000WAaiv,2026-10-06,baseline
00QS200000WAahJ,2026-10-06,baseline
00QS200000WAafh,2026-10-06,baseline
00QS200000WAacT,2026-10-06,baseline
00QS200000WAaar,2026-10-06,baseline
00QS200000WAaXd,2026-10-06,baseline
00QS200000WAaW1,2026-10-06,baseline
00QS200000WAaUP,2026-10-06,baseline
00QS200000WAaSn,2026-10-06,baseline
00QS200000WAaRB,2026-10-06,baseline
00QS200000WAaPZ,2026-10-06,baseline
00QS200000WAaML,2026-10-06,baseline
00QS200000WAaJ7,2026-10-06,baseline
00QS200000WAaFt,2026-10-06,baseline
00QS200000WAaEH,2026-10-06,baseline
00QS200000WAaCf,2026-10-06,baseline
00QS200000WAaB4,2026-10-06,baseline
00QS200000WAaB3,2026-10-06,baseline
00QS200000WAa9R,2026-10-06,baseline
00QS200000WAa7p,2026-10-06,baseline
00QS200000WAa6G,2026-10-06,baseline
00QS200000WAa6E,2026-10-06,baseline
00QS200000WAa6D,2026-10-06,baseline
00QS200000WAa30,2026-10-06,baseline
00QS200000WAa2z,2026-10-06,baseline
00QS200000WAa1O,2026-10-06,baseline
00QS200000WAa1N,2026-10-06,baseline
00QS200000WAZzm,2026-10-06,baseline
00QS200000WAZzl,2026-10-06,baseline
00QS200000WAZy9,2026-10-06,baseline
00QS200000WAZuw,2026-10-06,baseline
00QS200000WAZuv,2026-10-06,baseline
00QS200000WAZtJ,2026-10-06,baseline
00QS200000WAZrh,2026-10-06,baseline
00QS200000WAZq6,2026-10-06,baseline
00QS200000WAZq5,2026-10-06,baseline
00QS200000WAZoT,2026-10-06,baseline
00QS200000WAZms,2026-10-06,baseline
00QS200000WAZmr,2026-10-06,baseline
00QS200000WAZlG,2026-10-06,baseline
00QS200000WAZlF,2026-10-06,baseline
00QS200000WAZjf,2026-10-06,baseline
00QS200000WAZi1,2026-10-06,baseline
00QS200000WAZgP,2026-10-06,baseline
00QS200000WAZep,2026-10-06,baseline
00QS200000WAZeo,2026-10-06,baseline
00QS200000WAZen,2026-10-06,baseline
00QS200000WAZdB,2026-10-06,baseline
00QS200000WAZba,2026-10-06,baseline
00QS200000WAZbZ,2026-10-06,baseline
00QS200000WAZZx,2026-10-06,baseline
00QS200000WAZYM,2026-10-06,baseline
00QS200000WAZYL,2026-10-06,baseline
00QS200000WAZV7,2026-10-06,baseline
00QS200000WAZTV,2026-10-06,baseline
00QS200000WAZRt,2026-10-06,baseline
00QS200000WAZOg,2026-10-06,baseline
00QS200000WAZOf,2026-10-06,baseline
00QS200000WAZN4,2026-10-06,baseline
00QS200000WAZN3,2026-10-06,baseline
00QS200000WAZLR,2026-10-06,baseline
00QS200000WAZJp,2026-10-06,baseline
00QS200000WAZID,2026-10-06,baseline
00QS200000WAZGd,2026-10-06,baseline
00QS200000WAZGb,2026-10-06,baseline
00QS200000WAZDN,2026-10-06,baseline
00QS200000WAZBl,2026-10-06,baseline
00QS200000WAZAA,2026-10-06,baseline
00QS200000WAZA9,2026-10-06,baseline
00QS200000WAZ6w,2026-10-06,baseline
00QS200000WAZ6v,2026-10-06,baseline
00QS200000WAZ5J,2026-10-06,baseline
00QS200000WAZ3i,2026-10-06,baseline
00QS200000WAZ3h,2026-10-06,baseline
00QS200000WAZ25,2026-10-06,baseline
00QS200000WAZ0V,2026-10-06,baseline
00QS200000WAZ0U,2026-10-06,baseline
00QS200000WAZ0T,2026-10-06,baseline
00QS200000WAYyt,2026-10-06,baseline
00QS200000WAYys,2026-10-06,baseline
00QS200000WAYyr,2026-10-06,baseline
00QS200000WAYxF,2026-10-06,baseline
00QS200000WAYvd,2026-10-06,baseline
00QS200000WAYsQ,2026-10-06,baseline
00QS200000WAYna,2026-10-06,baseline
00QS200000WAYnZ,2026-10-06,baseline
00QS200000WAYly,2026-10-06,baseline
00QS200000WAYlx,2026-10-06,baseline
00QS200000WAYkL,2026-10-06,baseline
00QS200000WAYik,2026-10-06,baseline
00QS200000WAYij,2026-10-06,baseline
00QS200000WAYh8,2026-10-06,baseline
00QS200000WAYfV,2026-10-06,baseline
00QS200000WAYdw,2026-10-06,baseline
00QS200000WAYdu,2026-10-06,baseline
00QS200000WAYdt,2026-10-06,baseline
00QS200000WAYah,2026-10-06,baseline
00QS200000WAYZ3,2026-10-06,baseline
00QS200000WAYXR,2026-10-06,baseline
00QS200000WAYVp,2026-10-06,baseline
00QS200000WAYUF,2026-10-06,baseline
00QS200000WAYUE,2026-10-06,baseline
00QS200000WAYUD,2026-10-06,baseline
00QS200000WAYSd,2026-10-06,baseline
00QS200000WAYR3,2026-10-06,baseline
00QS200000WAYR2,2026-10-06,baseline
00QS200000WAYR1,2026-10-06,baseline
00QS200000WAYR0,2026-10-06,baseline
00QS200000WAYNn,2026-10-06,baseline
00QS200000WAYNm,2026-10-06,baseline
00QS200000WAYMB,2026-10-06,baseline
00QS200000WAYMA,2026-10-06,baseline
00QS200000WAYIw,2026-10-06,baseline
00QS200000WAYIv,2026-10-06,baseline
00QS200000WAYFh,2026-10-06,baseline
00QS200000WAYE5,2026-10-06,baseline
00QS200000WAYCU,2026-10-06,baseline
00QS200000WAYCT,2026-10-06,baseline
00QS200000WAYAr,2026-10-06,baseline
00QS200000WAY9F,2026-10-06,baseline
00QS200000WAY7g,2026-10-06,baseline
00QS200000WAY7e,2026-10-06,baseline
00QS200000WAY7d,2026-10-06,baseline
00QS200000WAY61,2026-10-06,baseline
00QS200000WAY4S,2026-10-06,baseline
00QS200000WAY4Q,2026-10-06,baseline
00QS200000WAY1D,2026-10-06,baseline
00QS200000WAY1C,2026-10-06,baseline
00QS200000WAY1B,2026-10-06,baseline
00QS200000WAXxz,2026-10-06,baseline
00QS200000WAXxy,2026-10-06,baseline
00QS200000WAXxx,2026-10-06,baseline
00QS200000WAXwL,2026-10-06,baseline
00QS200000WAXuj,2026-10-06,baseline
00QS200000WAXt9,2026-10-06,baseline
00QS200000WAXt8,2026-10-06,baseline
00QS200000WAXt7,2026-10-06,baseline
00QS200000WAXrV,2026-10-06,baseline
00QS200000WAXpu,2026-10-06,baseline
00QS200000WAXpt,2026-10-06,baseline
00QS200000WAXoJ,2026-10-06,baseline
00QS200000WAXoI,2026-10-06,baseline
00QS200000WAXoH,2026-10-06,baseline
00QS200000WAXmj,2026-10-06,baseline
00QS200000WAXmg,2026-10-06,baseline
00QS200000WAXmf,2026-10-06,baseline
00QS200000WAXl6,2026-10-06,baseline
00QS200000WAXl5,2026-10-06,baseline
00QS200000WAXl3,2026-10-06,baseline
00QS200000WAXhp,2026-10-06,baseline
00QS200000WAXec,2026-10-06,baseline
00QS200000WAXd2,2026-10-06,baseline
00QS200000WAXd1,2026-10-06,baseline
00QS200000WAXYA,2026-10-06,baseline
00QS200000WAXWY,2026-10-06,baseline
00QS200000WAXWX,2026-10-06,baseline
00QS200000WAXUv,2026-10-06,baseline
00QS200000WAXTJ,2026-10-06,baseline
00QS200000WAXRh,2026-10-06,baseline
00QS200000WAXQ7,2026-10-06,baseline
00QS200000WAXQ5,2026-10-06,baseline
00QS200000WAXOV,2026-10-06,baseline
00QS200000WAXOU,2026-10-06,baseline
00QS200000WAXOT,2026-10-06,baseline
00QS200000WAXMs,2026-10-06,baseline
00QS200000WAXI2,2026-10-06,baseline
00QS200000WAXGQ,2026-10-06,baseline
00QS200000WAXBa,2026-10-06,baseline
00QS200000WAX9x,2026-10-06,baseline
00QS200000WAX8L,2026-10-06,baseline
00QS200000WAX6j,2026-10-06,baseline
00QS200000WAX57,2026-10-06,baseline
00QS200000WAX0I,2026-10-06,baseline
00QS200000WAWyg,2026-10-06,baseline
00QS200000WAWx5,2026-10-06,baseline
00QS200000WAWx4,2026-10-06,baseline
00QS200000WAWtq,2026-10-06,baseline
00QS200000WAWqd,2026-10-06,baseline
00QS200000WAWqc,2026-10-06,baseline
00QS200000WAWoz,2026-10-06,baseline
00QS200000WAWnN,2026-10-06,baseline
00QS200000WAWll,2026-10-06,baseline
00QS200000WAWkC,2026-10-06,baseline
00QS200000WAWkA,2026-10-06,baseline
00QS200000WAWk9,2026-10-06,baseline
00QS200000WAWiX,2026-10-06,baseline
00QS200000WAWgx,2026-10-06,baseline
00QS200000WAWgv,2026-10-06,baseline
00QS200000WAWfK,2026-10-06,baseline
00QS200000WAWYt,2026-10-06,baseline
00QS200000WAWYs,2026-10-06,baseline
00QS200000WAWU1,2026-10-06,baseline
00QS200000WAWSQ,2026-10-06,baseline
00QS200000WAWSP,2026-10-06,baseline
00QS200000WAWQq,2026-10-06,baseline
00QS200000WAWQp,2026-10-06,baseline
00QS200000WAWLz,2026-10-06,baseline
00QS200000WAWKN,2026-10-06,baseline
00QS200000WAWKM,2026-10-06,baseline
00QS200000WAWH9,2026-10-06,baseline
00QS200000WAWH7,2026-10-06,baseline
00QS200000WAWFY,2026-10-06,baseline
00QS200000WAWFX,2026-10-06,baseline
00QS200000WAWFW,2026-10-06,baseline
00QS200000WAWCL,2026-10-06,baseline
00QS200000WAWCK,2026-10-06,baseline
00QS200000WAWAh,2026-10-06,baseline
00QS200000WAWAg,2026-10-06,baseline
00QS200000WAW93,2026-10-06,baseline
00QS200000WAW7U,2026-10-06,baseline
00QS200000WAW5r,2026-10-06,baseline
00QS200000WAW2e,2026-10-06,baseline
00QS200000WAW2d,2026-10-06,baseline
00QS200000WAVzO,2026-10-06,baseline
00QS200000WAVzN,2026-10-06,baseline
00QS200000WAVxr,2026-10-06,baseline
00QS200000WAVxq,2026-10-06,baseline
00QS200000WAVxp,2026-10-06,baseline
00QS200000WAVwA,2026-10-06,baseline
00QS200000WAVw9,2026-10-06,baseline
00QS200000WAVub,2026-10-06,baseline
00QS200000WAVuZ,2026-10-06,baseline
00QS200000WAVuY,2026-10-06,baseline
00QS200000WAVsw,2026-10-06,baseline
00QS200000WAVrK,2026-10-06,baseline
00QS200000WAVmW,2026-10-06,baseline
00QS200000WAVmV,2026-10-06,baseline
00QS200000WAVg4,2026-10-06,baseline
00QS200000WAVg3,2026-10-06,baseline
00QS200000WAVcn,2026-10-06,baseline
00QS200000WAVbC,2026-10-06,baseline
00QS200000WAVbB,2026-10-06,baseline
00QS200000WAVZd,2026-10-06,baseline
00QS200000WAVZc,2026-10-06,baseline
00QS200000WAVZb,2026-10-06,baseline
00QS200000WAVZa,2026-10-06,baseline
00QS200000WAVXy,2026-10-06,baseline
00QS200000WAVWO,2026-10-06,baseline
00QS200000WAVWN,2026-10-06,baseline
00QS200000WAVMg,2026-10-06,baseline
00QS200000WAVL5,2026-10-06,baseline
00QS200000WAVHs,2026-10-06,baseline
00QS200000WAV9l,2026-10-06,baseline
00QS200000WAV6Z,2026-10-06,baseline
00QS200000WAV6Y,2026-10-06,baseline
00QS200000WAV50,2026-10-06,baseline
00QS200000WAV4z,2026-10-06,baseline
00QS200000WAV4y,2026-10-06,baseline
00QS200000WAV3K,2026-10-06,baseline
00QS200000WAV1i,2026-10-06,baseline
00QS200000WAV05,2026-10-06,baseline
00QS200000WAUyU,2026-10-06,baseline
00QS200000WAUvJ,2026-10-06,baseline
00QS200000WAUvG,2026-10-06,baseline
00QS200000WAUtd,2026-10-06,baseline
00QS200000WAUlc,2026-10-06,baseline
00QS200000WAUgk,2026-10-06,baseline
00QS200000WAUf7,2026-10-06,baseline
00QS200000WAUdV,2026-10-06,baseline
00QS200000WAUbt,2026-10-06,baseline
00QS200000WAUYg,2026-10-06,baseline
00QS200000WAUX6,2026-10-06,baseline
00QS200000WAUX5,2026-10-06,baseline
00QS200000WAUX4,2026-10-06,baseline
00QS200000WAUTq,2026-10-06,baseline
00QS200000WAUQb,2026-10-06,baseline
00QS200000WAUP0,2026-10-06,baseline
00QS200000WAUKE,2026-10-06,baseline
00QS200000WAUKC,2026-10-06,baseline
00QS200000WAUKB,2026-10-06,baseline
00QS200000WAUIY,2026-10-06,baseline
00QS200000WAUDi,2026-10-06,baseline
00QS200000WAUAT,2026-10-06,baseline
00QS200000WAU5d,2026-10-06,baseline
00QS200000WAU41,2026-10-06,baseline
00QS200000WATzB,2026-10-06,baseline
00QS200000WATvy,2026-10-06,baseline
00QS200000WATnw,2026-10-06,baseline
00QS200000WATnt,2026-10-06,baseline
00QS200000WATmH,2026-10-06,baseline
00QS200000WATkf,2026-10-06,baseline
00QS200000WATb0,2026-10-06,baseline
00QS200000WATaz,2026-10-06,baseline
00QS200000WATZO,2026-10-06,baseline
00QS200000WATWC,2026-10-06,baseline
00QS200000WATWB,2026-10-06,baseline
00QS200000WATRL,2026-10-06,baseline
00QS200000WATPh,2026-10-06,baseline
00QS200000WATJJ,2026-10-06,baseline
00QS200000WATJH,2026-10-06,baseline
00QS200000WAT4j,2026-10-06,baseline
00QS200000WASzv,2026-10-06,baseline
00QS200000WASzu,2026-10-06,baseline
00QS200000WASlN,2026-10-06,baseline
00QS200000WASjm,2026-10-06,baseline
00QS200000WASDZ,2026-10-06,baseline
00QS200000WASDY,2026-10-06,baseline
00QS200000WASAH,2026-10-06,baseline
00QS200000WAS8h,2026-10-06,baseline
00QS200000WAS75,2026-10-06,baseline
00QS200000WAS2E,2026-10-06,baseline
00QS200000WARz0,2026-10-06,baseline
00QS200000WARsY,2026-10-06,baseline
00QS200000WARVy,2026-10-06,baseline
00QS200000WARMH,2026-10-06,baseline
00QS200000WARHR,2026-10-06,baseline
00QS200000WARCc,2026-10-06,baseline
00QS200000WAR9R,2026-10-06,baseline
00QS200000WAR7n,2026-10-06,baseline
00QS200000WAQrg,2026-10-06,baseline
00QS200000WAQq2,2026-10-06,baseline
00QS200000WAQmo,2026-10-06,baseline
00QS200000WAQQG,2026-10-06,baseline
00QS200000WAQOb,2026-10-06,baseline
00QS200000WAQ21,2026-10-06,baseline
00QS200000WAPxE,2026-10-06,baseline
00QS200000WAPsL,2026-10-06,baseline
00QS200000WAPqk,2026-10-06,baseline
00QS200000WAPh5,2026-10-06,baseline
00QS200000WAPSZ,2026-10-06,baseline
00QS200000WAP5x,2026-10-06,baseline
00QS200000WAP2j,2026-10-06,baseline
00QS200000WAOuf,2026-10-06,baseline
00QS200000WAOpp,2026-10-06,baseline
00QS200000WAOeX,2026-10-06,baseline
00QS200000WAOUs,2026-10-06,baseline
00QS200000WAOUr,2026-10-06,baseline
00QS200000WAOQ4,2026-10-06,baseline
00QS200000WAOJZ,2026-10-06,baseline
00QS200000WAO9t,2026-10-06,baseline
00QS200000WAO3R,2026-10-06,baseline
00QS200000WANye,2026-10-06,baseline
00QS200000WANtl,2026-10-06,baseline
00QS200000WANqX,2026-10-06,baseline
00QS200000WANnJ,2026-10-06,baseline
00QS200000WANlh,2026-10-06,baseline
00QS200000WANk5,2026-10-06,baseline
00QS200000WANVb,2026-10-06,baseline
00QS200000WANP7,2026-10-06,baseline
00QS200000WANAb,2026-10-06,baseline
00QS200000WAMzJ,2026-10-06,baseline
00QS200000WAMw5,2026-10-06,baseline
00QS200000WAMpd,2026-10-06,baseline
00QS200000WAMo1,2026-10-06,baseline
00QS200000WAMmQ,2026-10-06,baseline
00QS200000WAMb7,2026-10-06,baseline
00QS200000WAMRS,2026-10-06,baseline
00QS200000WAMPp,2026-10-06,baseline
00QS200000WAMEZ,2026-10-06,baseline
00QS200000WALrx,2026-10-06,baseline
00QS200000WALlV,2026-10-06,baseline
00QS200000WALgh,2026-10-06,baseline
00QS200000WALf3,2026-10-06,baseline
00QS200000WALVQ,2026-10-06,baseline
00QS200000WALVN,2026-10-06,baseline
00QS200000WALTl,2026-10-06,baseline
00QS200000WALLh,2026-10-06,baseline
00QS200000WALK5,2026-10-06,baseline
00QS200000WALDd,2026-10-06,baseline
00QS200000WAL8o,2026-10-06,baseline
00QS200000WAKmE,2026-10-06,baseline
00QS200000WAKSt,2026-10-06,baseline
00QS200000WAKFy,2026-10-06,baseline
00QS200000WAKCl,2026-10-06,baseline
00QS200000WAIxK,2026-10-06,baseline
00QS200000WAIu8,2026-10-06,baseline
00QS200000WAInf,2026-10-06,baseline
00QS200000WAIR5,2026-10-06,baseline
00QS200000WAI67,2026-10-06,baseline
00QS200000WAI4U,2026-10-06,baseline
00QS200000WAHV0,2026-10-06,baseline
00QS200000WAH6q,2026-10-06,baseline
00QS200000WAKvt,2026-10-06,baseline
00QS200000WAKiz,2026-10-06,baseline
00QS200000WAKPd,2026-10-06,baseline
00QS200000WAKB7,2026-10-06,baseline
00QS200000WAK7t,2026-10-06,baseline
00QS200000WAJmw,2026-10-06,baseline
00QS200000WAJji,2026-10-06,baseline
00QS200000WAJjh,2026-10-06,baseline
00QS200000WAJa1,2026-10-06,baseline
00QS200000WAJYQ,2026-10-06,baseline
00QS200000WAJRx,2026-10-06,baseline
00QS200000WAJ6z,2026-10-06,baseline
00QS200000WAJ5N,2026-10-06,baseline
00QS200000WAJ3l,2026-10-06,baseline
00QS200000WAIu6,2026-10-06,baseline
00QS200000WAIfa,2026-10-06,baseline
00QS200000WAIdx,2026-10-06,baseline
00QS200000WAIMD,2026-10-06,baseline
00QS200000WAI66,2026-10-06,baseline
00QS200000WAHze,2026-10-06,baseline
00QS200000WAHy1,2026-10-06,baseline
00QS200000WAHun,2026-10-06,baseline
00QS200000WAHrZ,2026-10-06,baseline
00QS200000WAHjV,2026-10-06,baseline
00QS200000WAHht,2026-10-06,baseline
00QS200000WAHd3,2026-10-06,baseline
00QS200000WAHbS,2026-10-06,baseline
00QS200000WAHbR,2026-10-06,baseline
00QS200000WAHOX,2026-10-06,baseline
00QS200000WAHMv,2026-10-06,baseline
00QS200000WAHLJ,2026-10-06,baseline
00QS200000WAHJi,2026-10-06,baseline
00QS200000WAHJh,2026-10-06,baseline
00QS200000WAH6p,2026-10-06,baseline
00QS200000WAH3Z,2026-10-06,baseline
00QS200000WAH0L,2026-10-06,baseline
00QS200000WAGlq,2026-10-06,baseline
00QS200000WAGib,2026-10-06,baseline
00QS200000WAGgz,2026-10-06,baseline
00QS200000WAGdm,2026-10-06,baseline
00QS200000WAGaX,2026-10-06,baseline
00QS200000WAGST,2026-10-06,baseline
00QS200000WAGQr,2026-10-06,baseline
00QS200000WAG7V,2026-10-06,baseline
00QS200000WAG2f,2026-10-06,baseline
00QS200000WAG13,2026-10-06,baseline
00QS200000WAFzR,2026-10-06,baseline
00QS200000WAFwD,2026-10-06,baseline
00QS200000WAFub,2026-10-06,baseline
00QS200000WAFsz,2026-10-06,baseline
00QS200000WAFpm,2026-10-06,baseline
00QS200000WAFmX,2026-10-06,baseline
00QS200000WAFkv,2026-10-06,baseline
00QS200000WAFjJ,2026-10-06,baseline
00QS200000WAFg5,2026-10-06,baseline
00QS200000WAFeT,2026-10-06,baseline
00QS200000WAFTB,2026-10-06,baseline
00QS200000WAFRZ,2026-10-06,baseline
00QS200000WAFPx,2026-10-06,baseline
00QS200000WAFGL,2026-10-06,baseline
00QS200000WAFBR,2026-10-06,baseline
00QS200000WAF9q,2026-10-06,baseline
00QS200000WAF6c,2026-10-06,baseline
00QS200000WAF4z,2026-10-06,baseline
00QS200000WAF09,2026-10-06,baseline
00QS200000WAEwv,2026-10-06,baseline
00QS200000WAEor,2026-10-06,baseline
00QS200000WAEld,2026-10-06,baseline
00QS200000WAEgo,2026-10-06,baseline
00QS200000WAEX7,2026-10-06,baseline
00QS200000WAEVV,2026-10-06,baseline
00QS200000WAETu,2026-10-06,baseline
00QS200000WAETt,2026-10-06,baseline
00QS200000WAELq,2026-10-06,baseline
00QS200000WAELp,2026-10-06,baseline
00QS200000WAEDm,2026-10-06,baseline
00QS200000WAEC9,2026-10-06,baseline
00QS200000WAE8v,2026-10-06,baseline
00QS200000WAE47,2026-10-06,baseline
00QS200000WAE46,2026-10-06,baseline
00QS200000WADzF,2026-10-06,baseline
00QS200000WADxd,2026-10-06,baseline
00QS200000WADw1,2026-10-06,baseline
00QS200000WADmN,2026-10-06,baseline
00QS200000WADGF,2026-10-06,baseline
00QS200000WACzx,2026-10-06,baseline
00QS200000WACyL,2026-10-06,baseline
00QS200000WACwj,2026-10-06,baseline
00QS200000WACv7,2026-10-06,baseline
00QS200000WACtY,2026-10-06,baseline
00QS200000WACtX,2026-10-06,baseline
00QS200000WAClR,2026-10-06,baseline
00QS200000WACf0,2026-10-06,baseline
00QS200000WACbm,2026-10-06,baseline
00QS200000WACaA,2026-10-06,baseline
00QS200000WACWw,2026-10-06,baseline
00QS200000WACLe,2026-10-06,baseline
00QS200000WACK1,2026-10-06,baseline
00QS200000WACDZ,2026-10-06,baseline
00QS200000WACBx,2026-10-06,baseline
00QS200000WAC8j,2026-10-06,baseline
00QS200000WAC2I,2026-10-06,baseline
00QS200000WABuD,2026-10-06,baseline
00QS200000WABmA,2026-10-06,baseline
00QS200000WABm9,2026-10-06,baseline
00QS200000WABcU,2026-10-06,baseline
00QS200000WABcT,2026-10-06,baseline
00QS200000WABar,2026-10-06,baseline
00QS200000WABXe,2026-10-06,baseline
00QS200000WABPb,2026-10-06,baseline
00QS200000WABNx,2026-10-06,baseline
00QS200000WABKk,2026-10-06,baseline
00QS200000WABJ7,2026-10-06,baseline
00QS200000WABFt,2026-10-06,baseline
00QS200000WABEH,2026-10-06,baseline
00QS200000WABB3,2026-10-06,baseline
00QS200000WAB6D,2026-10-06,baseline
00QS200000WAAzl,2026-10-06,baseline
00QS200000WAAuv,2026-10-06,baseline
00QS200000WAAtJ,2026-10-06,baseline
00QS200000WAAri,2026-10-06,baseline
00QS200000WAAq5,2026-10-06,baseline
00QS200000WAAoT,2026-10-06,baseline
00QS200000WAAeo,2026-10-06,baseline
00QS200000WAAen,2026-10-06,baseline
00QS200000WAAbZ,2026-10-06,baseline
00QS200000WAAYL,2026-10-06,baseline
00QS200000WAARu,2026-10-06,baseline
00QS200000WAAOg,2026-10-06,baseline
00QS200000WAAN3,2026-10-06,baseline
00QS200000WAALS,2026-10-06,baseline
00QS200000WAAJr,2026-10-06,baseline
00QS200000WAAID,2026-10-06,baseline
00QS200000WAADN,2026-10-06,baseline
00QS200000WAABl,2026-10-06,baseline
00QS200000WAAA9,2026-10-06,baseline
00QS200000WAA6v,2026-10-06,baseline
00QS200000WAA5J,2026-10-06,baseline
00QS200000WAA26,2026-10-06,baseline
00QS200000WA9yr,2026-10-06,baseline
00QS200000WA9xF,2026-10-06,baseline
00QS200000WA9u1,2026-10-06,baseline
00QS200000WA9nc,2026-10-06,baseline
00QS200000WA9nb,2026-10-06,baseline
00QS200000WA9fV,2026-10-06,baseline
00QS200000WA9dt,2026-10-06,baseline
00QS200000WA9ah,2026-10-06,baseline
00QS200000WA9ag,2026-10-06,baseline
00QS200000WA9Z3,2026-10-06,baseline
00QS200000WA9XR,2026-10-06,baseline
00QS200000WA9Vp,2026-10-06,baseline
00QS200000WA9UE,2026-10-06,baseline
00QS200000WA9Qz,2026-10-06,baseline
00QS200000WA9Iv,2026-10-06,baseline
00QS200000WA9HK,2026-10-06,baseline
00QS200000WA9HJ,2026-10-06,baseline
00QS200000WA9Fh,2026-10-06,baseline
00QS200000WA9E5,2026-10-06,baseline
00QS200000WA9Ar,2026-10-06,baseline
00QS200000WA8zZ,2026-10-06,baseline
00QS200000WA8xx,2026-10-06,baseline
00QS200000WA8uj,2026-10-06,baseline
00QS200000WA8l4,2026-10-06,baseline
00QS200000WA8jR,2026-10-06,baseline
00QS200000WA8eb,2026-10-06,baseline
00QS200000WA8d0,2026-10-06,baseline
00QS200000WA8Zl,2026-10-06,baseline
00QS200000WA8Y9,2026-10-06,baseline
00QS200000WA8TK,2026-10-06,baseline
00QS200000WA8Rk,2026-10-06,baseline
00QS200000WA8Ri,2026-10-06,baseline
00QS200000WA8Q5,2026-10-06,baseline
00QS200000WA8OW,2026-10-06,baseline
00QS200000WA8Mz,2026-10-06,baseline
00QS200000WA8Ms,2026-10-06,baseline
00QS200000WA8Mr,2026-10-06,baseline
00QS200000WA8I1,2026-10-06,baseline
00QS200000WA8GP,2026-10-06,baseline
00QS200000WA8BZ,2026-10-06,baseline
00QS200000WA857,2026-10-06,baseline
00QS200000WA7x7,2026-10-06,baseline
00QS200000WA7x5,2026-10-06,baseline
00QS200000WA7x4,2026-10-06,baseline
00QS200000WA7tr,2026-10-06,baseline
00QS200000WA7tp,2026-10-06,baseline
00QS200000WA7qb,2026-10-06,baseline
00QS200000WA7gw,2026-10-06,baseline
00QS200000WA7aT,2026-10-06,baseline
00QS200000WA7U3,2026-10-06,baseline
00QS200000WA7Lx,2026-10-06,baseline
00QS200000WA7H8,2026-10-06,baseline
00QS200000WA7FV,2026-10-06,baseline
00QS200000WA77S,2026-10-06,baseline
00QS200000WA77R,2026-10-06,baseline
00QS200000WA75p,2026-10-06,baseline
00QS200000WA74D,2026-10-06,baseline
00QS200000WA72b,2026-10-06,baseline
00QS200000WA6zO,2026-10-06,baseline
00QS200000WA6zN,2026-10-06,baseline
00QS200000WA6w9,2026-10-06,baseline
00QS200000WA6sv,2026-10-06,baseline
00QS200000WA6rJ,2026-10-06,baseline
00QS200000WA6o5,2026-10-06,baseline
00QS200000WA6ks,2026-10-06,baseline
00QS200000WA6jF,2026-10-06,baseline
00QS200000WA6eQ,2026-10-06,baseline
00QS200000WA6Za,2026-10-06,baseline
00QS200000WA6Xy,2026-10-06,baseline
00QS200000WA6Xx,2026-10-06,baseline
00QS200000WA6WM,2026-10-06,baseline
00QS200000WA6Mf,2026-10-06,baseline
00QS200000WA6L4,2026-10-06,baseline
00QS200000WA6Hp,2026-10-06,baseline
00QS200000WA6D0,2026-10-06,baseline
00QS200000WA6Cz,2026-10-06,baseline
00QS200000WA69l,2026-10-06,baseline
00QS200000WA689,2026-10-06,baseline
00QS200000WA66X,2026-10-06,baseline
00QS200000WA606,2026-10-06,baseline
00QS200000WA605,2026-10-06,baseline
00QS200000WA5ws,2026-10-06,baseline
00QS200000WA5te,2026-10-06,baseline
00QS200000WA5td,2026-10-06,baseline
00QS200000WA5nB,2026-10-06,baseline
00QS200000WA5la,2026-10-06,baseline
00QS200000WA5iM,2026-10-06,baseline
00QS200000WA5iL,2026-10-06,baseline
00QS200000WA5gj,2026-10-06,baseline
00QS200000WA5f9,2026-10-06,baseline
00QS200000WA5dX,2026-10-06,baseline
00QS200000WA5bw,2026-10-06,baseline
00QS200000WA5bu,2026-10-06,baseline
00QS200000WA5aI,2026-10-06,baseline
00QS200000WA5X4,2026-10-06,baseline
00QS200000WA5VS,2026-10-06,baseline
00QS200000WA5VR,2026-10-06,baseline
00QS200000WA5SD,2026-10-06,baseline
00QS200000WA5Lm,2026-10-06,baseline
00QS200000WA5KC,2026-10-06,baseline
00QS200000WA5Gw,2026-10-06,baseline
00QS200000WA58v,2026-10-06,baseline
00QS200000WA58u,2026-10-06,baseline
00QS200000WA52R,2026-10-06,baseline
00QS200000WA4zC,2026-10-06,baseline
00QS200000WA4r9,2026-10-06,baseline
00QS200000WA4mJ,2026-10-06,baseline
00QS200000WA4mH,2026-10-06,baseline
00QS200000WA4ZO,2026-10-06,baseline
00QS200000WA4Xm,2026-10-06,baseline
00QS200000WA4UY,2026-10-06,baseline
00QS200000WA4O5,2026-10-06,baseline
00QS200000WA4MT,2026-10-06,baseline
00QS200000WA4Kr,2026-10-06,baseline
00QS200000WA4JJ,2026-10-06,baseline
00QS200000WA4JG,2026-10-06,baseline
00QS200000WA4G3,2026-10-06,baseline
00QS200000WA4EQ,2026-10-06,baseline
00QS200000WA4Cs,2026-10-06,baseline
00QS200000WA4BC,2026-10-06,baseline
00QS200000WA49c,2026-10-06,baseline
00QS200000WA49b,2026-10-06,baseline
00QS200000WA3yJ,2026-10-06,baseline
00QS200000WA3yH,2026-10-06,baseline
00QS200000WA3wi,2026-10-06,baseline
00QS200000WA3n2,2026-10-06,baseline
00QS200000WA3jl,2026-10-06,baseline
00QS200000WA3ex,2026-10-06,baseline
00QS200000WA3ev,2026-10-06,baseline
00QS200000WA3dL,2026-10-06,baseline
00QS200000WA3bk,2026-10-06,baseline
00QS200000WA3YU,2026-10-06,baseline
00QS200000WA3S1,2026-10-06,baseline
00QS200000WA3LZ,2026-10-06,baseline
00QS200000WA38f,2026-10-06,baseline
00QS200000WA2hF,2026-10-06,baseline
00QS200000WA2PV,2026-10-06,baseline
00QS200000WA2Nt,2026-10-06,baseline
00QS200000WA2MH,2026-10-06,baseline
00QS200000WA2Az,2026-10-06,baseline
00QS200000WA29N,2026-10-06,baseline
00QS200000WA27n,2026-10-06,baseline
00QS200000WA24X,2026-10-06,baseline
00QS200000WA21L,2026-10-06,baseline
00QS200000WA21J,2026-10-06,baseline
00QS200000WA1wV,2026-10-06,baseline
00QS200000WA1wT,2026-10-06,baseline
00QS200000WA1tG,2026-10-06,baseline
00QS200000WA1mn,2026-10-06,baseline
00QS200000WA1lC,2026-10-06,baseline
00QS200000WA1jb,2026-10-06,baseline
00QS200000WA1hy,2026-10-06,baseline
00QS200000WA1YL,2026-10-06,baseline
00QS200000WA1YJ,2026-10-06,baseline
00QS200000WA1V3,2026-10-06,baseline
00QS200000WA1TS,2026-10-06,baseline
00QS200000WA1QE,2026-10-06,baseline
00QS200000WA1LN,2026-10-06,baseline
00QS200000WA1GY,2026-10-06,baseline
00QS200000WA15F,2026-10-06,baseline
00QS200000WA13e,2026-10-06,baseline
00QS200000WA13d,2026-10-06,baseline
00QS200000WA121,2026-10-06,baseline
00QS200000WA10Q,2026-10-06,baseline
00QS200000WA0yo,2026-10-06,baseline
00QS200000WA0ty,2026-10-06,baseline
00QS200000WA0lw,2026-10-06,baseline
00QS200000WA0lu,2026-10-06,baseline
00QS200000WA0lt,2026-10-06,baseline
00QS200000WA0h4,2026-10-06,baseline
00QS200000WA0Vm,2026-10-06,baseline
00QS200000WA0Vl,2026-10-06,baseline
00QS200000WA0KU,2026-10-06,baseline
00QS200000WA0KT,2026-10-06,baseline
00QS200000WA0Is,2026-10-06,baseline
00QS200000WA0CP,2026-10-06,baseline
00QS200000WA0Aq,2026-10-06,baseline
00QS200000WA0An,2026-10-06,baseline
00QS200000WA09B,2026-10-06,baseline
00QS200000WA05x,2026-10-06,baseline
00QS200000WA02j,2026-10-06,baseline
00QS200000W9zzX,2026-10-06,baseline
00QS200000W9zzW,2026-10-06,baseline
00QS200000W9zug,2026-10-06,baseline
00QS200000W9zpq,2026-10-06,baseline
00QS200000W9zhl,2026-10-06,baseline
00QS200000W9zY5,2026-10-06,baseline
00QS200000W9zUr,2026-10-06,baseline
00QS200000W9zTF,2026-10-06,baseline
00QS200000W9zOR,2026-10-06,baseline
00QS200000W9zD7,2026-10-06,baseline
00QS200000W9z3R,2026-10-06,baseline
00QS200000W9ytn,2026-10-06,baseline
00QS200000W9ytl,2026-10-06,baseline
00QS200000W9ysA,2026-10-06,baseline
00QS200000W9yqX,2026-10-06,baseline
00QS200000W9yov,2026-10-06,baseline
00QS200000W9yk6,2026-10-06,baseline
00QS200000W9yiT,2026-10-06,baseline
00QS200000W9yde,2026-10-06,baseline
00QS200000W9ydd,2026-10-06,baseline
00QS200000W9yYp,2026-10-06,baseline
00QS200000W9yXB,2026-10-06,baseline
00QS200000W9yTz,2026-10-06,baseline
00QS200000W9yTy,2026-10-06,baseline
00QS200000W9ySM,2026-10-06,baseline
00QS200000W9ySL,2026-10-06,baseline
00QS200000W9yQk,2026-10-06,baseline
00QS200000W9yP7,2026-10-06,baseline
00QS200000W9yNX,2026-10-06,baseline
00QS200000W9yKI,2026-10-06,baseline
00QS200000W9yDq,2026-10-06,baseline
00QS200000W9yDp,2026-10-06,baseline
00QS200000W9yAb,2026-10-06,baseline
00QS200000W9y0w,2026-10-06,baseline
00QS200000W9xzM,2026-10-06,baseline
00QS200000W9xxk,2026-10-06,baseline
00QS200000W9xxi,2026-10-06,baseline
00QS200000W9xw5,2026-10-06,baseline
00QS200000W9xrH,2026-10-06,baseline
00QS200000W9xpe,2026-10-06,baseline
00QS200000W9xo1,2026-10-06,baseline
00QS200000W9xmP,2026-10-06,baseline
00QS200000W9xWH,2026-10-06,baseline
00QS200000W9xOE,2026-10-06,baseline
00QS200000W9xOD,2026-10-06,baseline
00QS200000W9xMe,2026-10-06,baseline
00QS200000W9xMd,2026-10-06,baseline
00QS200000W9xKz,2026-10-06,baseline
00QS200000W9xJN,2026-10-06,baseline
00QS200000W9xCw,2026-10-06,baseline
00QS200000W9xBJ,2026-10-06,baseline
00QS200000W9x9i,2026-10-06,baseline
00QS200000W9x6V,2026-10-06,baseline
00QS200000W9x6U,2026-10-06,baseline
00QS200000W9x6T,2026-10-06,baseline
00QS200000W9wta,2026-10-06,baseline
00QS200000W9wtZ,2026-10-06,baseline
00QS200000W9woj,2026-10-06,baseline
00QS200000W9wbs,2026-10-06,baseline
00QS200000W9wbr,2026-10-06,baseline
00QS200000W9wbq,2026-10-06,baseline
00QS200000W9wQZ,2026-10-06,baseline
00QS200000W9wQY,2026-10-06,baseline
00QS200000W9wLh,2026-10-06,baseline
00QS200000W9wK6,2026-10-06,baseline
00QS200000W9wIV,2026-10-06,baseline
00QS200000W9wIT,2026-10-06,baseline
00QS200000W9wFG,2026-10-06,baseline
00QS200000W9wFF,2026-10-06,baseline
00QS200000W9w5b,2026-10-06,baseline
00QS200000W9w5Z,2026-10-06,baseline
00QS200000W9vuJ,2026-10-06,baseline
00QS200000W9vhP,2026-10-06,baseline
00QS200000W9vhN,2026-10-06,baseline
00QS200000W9vXj,2026-10-06,baseline
00QS200000W9vXi,2026-10-06,baseline
00QS200000W9vW7,2026-10-06,baseline
00QS200000W9vEN,2026-10-06,baseline
00QS200000W9v9W,2026-10-06,baseline
00QS200000W9v7u,2026-10-06,baseline
00QS200000W9v6H,2026-10-06,baseline
00QS200000W9utN,2026-10-06,baseline
00QS200000W9url,2026-10-06,baseline
00QS200000W9ui6,2026-10-06,baseline
00QS200000W9ugT,2026-10-06,baseline
00QS200000W9ua1,2026-10-06,baseline
00QS200000W9uYQ,2026-10-06,baseline
00QS200000W9uWo,2026-10-06,baseline
00QS200000W9uWn,2026-10-06,baseline
00QS200000W9uQL,2026-10-06,baseline
00QS200000W9uN8,2026-10-06,baseline
00QS200000W9uDR,2026-10-06,baseline
00QS200000W9u5N,2026-10-06,baseline
00QS200000W9u29,2026-10-06,baseline
00QS200000W9tqu,2026-10-06,baseline
00QS200000W9tqt,2026-10-06,baseline
00QS200000W9tpF,2026-10-06,baseline
00QS200000W9tin,2026-10-06,baseline
00QS200000W9thB,2026-10-06,baseline
00QS200000W9tfa,2026-10-06,baseline
00QS200000W9tXW,2026-10-06,baseline
00QS200000W9tXV,2026-10-06,baseline
00QS200000W9tVt,2026-10-06,baseline
00QS200000W9tSg,2026-10-06,baseline
00QS200000W9tMD,2026-10-06,baseline
00QS200000W9tKc,2026-10-06,baseline
00QS200000W9tFl,2026-10-06,baseline
00QS200000W9tCZ,2026-10-06,baseline
00QS200000W9t4T,2026-10-06,baseline
00QS200000W9swP,2026-10-06,baseline
00QS200000W9spy,2026-10-06,baseline
00QS200000W9spx,2026-10-06,baseline
00QS200000W9soN,2026-10-06,baseline
00QS200000W9smj,2026-10-06,baseline
00QS200000W9sl7,2026-10-06,baseline
00QS200000W9shu,2026-10-06,baseline
00QS200000W9sQA,2026-10-06,baseline
00QS200000W9sMw,2026-10-06,baseline
00QS200000W9sJi,2026-10-06,baseline
00QS200000W9sJh,2026-10-06,baseline
00QS200000W9sBe,2026-10-06,baseline
00QS200000W9sA2,2026-10-06,baseline
00QS200000W9s5B,2026-10-06,baseline
00QS200000W9s1x,2026-10-06,baseline
00QS200000W9s0O,2026-10-06,baseline
00QS200000W9s0L,2026-10-06,baseline
00QS200000W9ryk,2026-10-06,baseline
00QS200000W9rx7,2026-10-06,baseline
00QS200000W9rnR,2026-10-06,baseline
00QS200000W9rid,2026-10-06,baseline
00QS200000W9ric,2026-10-06,baseline
00QS200000W9rib,2026-10-06,baseline
00QS200000W9rU7,2026-10-06,baseline
00QS200000W9rU5,2026-10-06,baseline
00QS200000W9rSV,2026-10-06,baseline
00QS200000W9rSU,2026-10-06,baseline
00QS200000W9rQr,2026-10-06,baseline
00QS200000W9rPG,2026-10-06,baseline
00QS200000W9rPF,2026-10-06,baseline
00QS200000W9r97,2026-10-06,baseline
00QS200000W9r4H,2026-10-06,baseline
00QS200000W9r2i,2026-10-06,baseline
00QS200000W9qxr,2026-10-06,baseline
00QS200000W9qxq,2026-10-06,baseline
00QS200000W9qwF,2026-10-06,baseline
00QS200000W9qrN,2026-10-06,baseline
00QS200000W9qjJ,2026-10-06,baseline
00QS200000W9qhi,2026-10-06,baseline
00QS200000W9qeU,2026-10-06,baseline
00QS200000W9qbF,2026-10-06,baseline
00QS200000W9qY2,2026-10-06,baseline
00QS200000W9qUq,2026-10-06,baseline
00QS200000W9qUp,2026-10-06,baseline
00QS200000W9qUn,2026-10-06,baseline
00QS200000W9qL7,2026-10-06,baseline
00QS200000W9qGH,2026-10-06,baseline
00QS200000W9qBT,2026-10-06,baseline
00QS200000W9q6c,2026-10-06,baseline
00QS200000W9q6b,2026-10-06,baseline
00QS200000W9q50,2026-10-06,baseline
00QS200000W9q3P,2026-10-06,baseline
00QS200000W9q1l,2026-10-06,baseline
00QS200000W9pwx,2026-10-06,baseline
00QS200000W9pqU,2026-10-06,baseline
00QS200000W9pos,2026-10-06,baseline
00QS200000W9pnH,2026-10-06,baseline
00QS200000W9pnG,2026-10-06,baseline
00QS200000W9pk1,2026-10-06,baseline
00QS200000W9pgo,2026-10-06,baseline
00QS200000W9pfB,2026-10-06,baseline
00QS200000W9pda,2026-10-06,baseline
00QS200000W9pVW,2026-10-06,baseline
00QS200000W9pTv,2026-10-06,baseline
00QS200000W9pTt,2026-10-06,baseline
00QS200000W9pLq,2026-10-06,baseline
00QS200000W9pDl,2026-10-06,baseline
00QS200000W9pAX,2026-10-06,baseline
00QS200000W9p8v,2026-10-06,baseline
00QS200000W9p7K,2026-10-06,baseline
00QS200000W9p0r,2026-10-06,baseline
00QS200000W9ow3,2026-10-06,baseline
00QS200000W9osn,2026-10-06,baseline
00QS200000W9orC,2026-10-06,baseline
00QS200000W9orB,2026-10-06,baseline
00QS200000W9oj8,2026-10-06,baseline
00QS200000W9oeH,2026-10-06,baseline
00QS200000W9ocf,2026-10-06,baseline
00QS200000W9oZR,2026-10-06,baseline
00QS200000W9oHi,2026-10-06,baseline
00QS200000W9o83,2026-10-06,baseline
00QS200000W9o3B,2026-10-06,baseline
00QS200000W9o1a,2026-10-06,baseline
00QS200000W9nzy,2026-10-06,baseline
00QS200000W9nru,2026-10-06,baseline
00QS200000W9nrt,2026-10-06,baseline
00QS200000W9nqH,2026-10-06,baseline
00QS200000W9nn3,2026-10-06,baseline
00QS200000W9nlT,2026-10-06,baseline
00QS200000W9nlR,2026-10-06,baseline
00QS200000W9ngc,2026-10-06,baseline
00QS200000W9ndO,2026-10-06,baseline
00QS200000W9nYX,2026-10-06,baseline
00QS200000W9nTj,2026-10-06,baseline
00QS200000W9nTi,2026-10-06,baseline
00QS200000W9nS7,2026-10-06,baseline
00QS200000W9nQT,2026-10-06,baseline
00QS200000W9nNG,2026-10-06,baseline
00QS200000W9nIP,2026-10-06,baseline
00QS200000W9nGn,2026-10-06,baseline
00QS200000W9nDZ,2026-10-06,baseline
00QS200000W9nAN,2026-10-06,baseline
00QS200000W9n78,2026-10-06,baseline
00QS200000W9n77,2026-10-06,baseline
00QS200000W9n5V,2026-10-06,baseline
00QS200000W9n0f,2026-10-06,baseline
00QS200000W9mxR,2026-10-06,baseline
00QS200000W9mvr,2026-10-06,baseline
00QS200000W9mvq,2026-10-06,baseline
00QS200000W9mnp,2026-10-06,baseline
00QS200000W9mnm,2026-10-06,baseline
00QS200000W9mmA,2026-10-06,baseline
00QS200000W9mfi,2026-10-06,baseline
00QS200000W9me5,2026-10-06,baseline
00QS200000W9mcT,2026-10-06,baseline
00QS200000W9mSn,2026-10-06,baseline
00QS200000W9mB4,2026-10-06,baseline
00QS200000W9mB3,2026-10-06,baseline
00QS200000W9m9R,2026-10-06,baseline
00QS200000W9m31,2026-10-06,baseline
00QS200000W9lzm,2026-10-06,baseline
00QS200000W9lq5,2026-10-06,baseline
00QS200000W9leo,2026-10-06,baseline
00QS200000W9len,2026-10-06,baseline
00QS200000W9lWl,2026-10-06,baseline
00QS200000W9lN5,2026-10-06,baseline
00QS200000W9lN4,2026-10-06,baseline
00QS200000W9lJp,2026-10-06,baseline
00QS200000W9lGb,2026-10-06,baseline
00QS200000W9kys,2026-10-06,baseline
00QS200000W9kxH,2026-10-06,baseline
00QS200000W9ku2,2026-10-06,baseline
00QS200000W9kqo,2026-10-06,baseline
00QS200000W9kpB,2026-10-06,baseline
00QS200000W9klx,2026-10-06,baseline
00QS200000W9kkL,2026-10-06,baseline
00QS200000W9kh8,2026-10-06,baseline
00QS200000W9kfV,2026-10-06,baseline
00QS200000W9kdu,2026-10-06,baseline
00QS200000W9kdt,2026-10-06,baseline
00QS200000W9kSb,2026-10-06,baseline
00QS200000W9kFh,2026-10-06,baseline
00QS200000W9kE5,2026-10-06,baseline
00QS200000W9kCT,2026-10-06,baseline
00QS200000W9kAs,2026-10-06,baseline
00QS200000W9k7d,2026-10-06,baseline
00QS200000W9k62,2026-10-06,baseline
00QS200000W9jxx,2026-10-06,baseline
00QS200000W9jt7,2026-10-06,baseline
00QS200000W9joI,2026-10-06,baseline
00QS200000W9jl5,2026-10-06,baseline
00QS200000W9jhp,2026-10-06,baseline
00QS200000W9jgD,2026-10-06,baseline
00QS200000W9jd0,2026-10-06,baseline
00QS200000W9jbN,2026-10-06,baseline
00QS200000W9jZo,2026-10-06,baseline
00QS200000W9jWa,2026-10-06,baseline
00QS200000W9jWZ,2026-10-06,baseline
00QS200000W9jTK,2026-10-06,baseline
00QS200000W9jRh,2026-10-06,baseline
00QS200000W9jOT,2026-10-06,baseline
00QS200000W9jEn,2026-10-06,baseline
00QS200000W9jDC,2026-10-06,baseline
00QS200000W9jBZ,2026-10-06,baseline
00QS200000W9j57,2026-10-06,baseline
00QS200000W9iyf,2026-10-06,baseline
00QS200000W9ivT,2026-10-06,baseline
00QS200000W9ivR,2026-10-06,baseline
00QS200000W9isE,2026-10-06,baseline
00QS200000W9iln,2026-10-06,baseline
00QS200000W9igy,2026-10-06,baseline
00QS200000W9igx,2026-10-06,baseline
00QS200000W9iH8,2026-10-06,baseline
00QS200000W9iH7,2026-10-06,baseline
00QS200000W9iFX,2026-10-06,baseline
00QS200000W9iFW,2026-10-06,baseline
00QS200000W9iFV,2026-10-06,baseline
00QS200000W9iDt,2026-10-06,baseline
00QS200000W9iCH,2026-10-06,baseline
00QS200000W9iAf,2026-10-06,baseline
00QS200000W9i7S,2026-10-06,baseline
00QS200000W9i5q,2026-10-06,baseline
00QS200000W9i2c,2026-10-06,baseline
00QS200000W9hzP,2026-10-06,baseline
00QS200000W9hzO,2026-10-06,baseline
00QS200000W9ht0,2026-10-06,baseline
00QS200000W9hrJ,2026-10-06,baseline
00QS200000W9ho6,2026-10-06,baseline
00QS200000W9hmV,2026-10-06,baseline
00QS200000W9hbC,2026-10-06,baseline
00QS200000W9hUj,2026-10-06,baseline
00QS200000W9hT7,2026-10-06,baseline
00QS200000W9hMf,2026-10-06,baseline
00QS200000W9hL3,2026-10-06,baseline
00QS200000W9hJR,2026-10-06,baseline
00QS200000W9hHr,2026-10-06,baseline
00QS200000W9hEb,2026-10-06,baseline
00QS200000W9h9n,2026-10-06,baseline
00QS200000W9h89,2026-10-06,baseline
00QS200000W9h6X,2026-10-06,baseline
00QS200000W9h1h,2026-10-06,baseline
00QS200000W9gws,2026-10-06,baseline
00QS200000W9gon,2026-10-06,baseline
00QS200000W9giM,2026-10-06,baseline
00QS200000W9giL,2026-10-06,baseline
00QS200000W9gf7,2026-10-06,baseline
00QS200000W9gdY,2026-10-06,baseline
00QS200000W9gdW,2026-10-06,baseline
00QS200000W9gaH,2026-10-06,baseline
00QS200000W9gYh,2026-10-06,baseline
00QS200000W9gYg,2026-10-06,baseline
00QS200000W9gYf,2026-10-06,baseline
00QS200000W9gX3,2026-10-06,baseline
00QS200000W9gSE,2026-10-06,baseline
00QS200000W9gQb,2026-10-06,baseline
00QS200000W9gGw,2026-10-06,baseline
00QS200000W9gDh,2026-10-06,baseline
00QS200000W9g7G,2026-10-06,baseline
00QS200000W9g5d,2026-10-06,baseline
00QS200000W9g0n,2026-10-06,baseline
00QS200000W9fxZ,2026-10-06,baseline
00QS200000W9fuN,2026-10-06,baseline
00QS200000W9fuL,2026-10-06,baseline
00QS200000W9fpY,2026-10-06,baseline
00QS200000W9fpW,2026-10-06,baseline
00QS200000W9fnv,2026-10-06,baseline
00QS200000W9fhS,2026-10-06,baseline
00QS200000W9fZN,2026-10-06,baseline
00QS200000W9fWA,2026-10-06,baseline
00QS200000W9fW9,2026-10-06,baseline
00QS200000W9fUY,2026-10-06,baseline
00QS200000W9fUX,2026-10-06,baseline
00QS200000W9fSv,2026-10-06,baseline
00QS200000W9fPi,2026-10-06,baseline
00QS200000W9fPh,2026-10-06,baseline
00QS200000W9fO6,2026-10-06,baseline
00QS200000W9fMU,2026-10-06,baseline
00QS200000W9fKt,2026-10-06,baseline
00QS200000W9fKs,2026-10-06,baseline
00QS200000W9fJG,2026-10-06,baseline
00QS200000W9f9a,2026-10-06,baseline
00QS200000W9f80,2026-10-06,baseline
00QS200000W9f7z,2026-10-06,baseline
00QS200000W9f7y,2026-10-06,baseline
00QS200000W9f6M,2026-10-06,baseline
00QS200000W9f1W,2026-10-06,baseline
00QS200000W9ezt,2026-10-06,baseline
00QS200000W9eyL,2026-10-06,baseline
00QS200000W9eyJ,2026-10-06,baseline
00QS200000W9eyH,2026-10-06,baseline
00QS200000W9erp,2026-10-06,baseline
00QS200000W9en2,2026-10-06,baseline
00QS200000W9ejo,2026-10-06,baseline
00QS200000W9ejm,2026-10-06,baseline
00QS200000W9eiD,2026-10-06,baseline
00QS200000W9egX,2026-10-06,baseline
00QS200000W9eex,2026-10-06,baseline
00QS200000W9edN,2026-10-06,baseline
00QS200000W9edK,2026-10-06,baseline
00QS200000W9ebj,2026-10-06,baseline
00QS200000W9eYT,2026-10-06,baseline
00QS200000W9eWr,2026-10-06,baseline
00QS200000W9eVG,2026-10-06,baseline
00QS200000W9eTd,2026-10-06,baseline
00QS200000W9eLa,2026-10-06,baseline
00QS200000W9eDW,2026-10-06,baseline
00QS200000W9eDV,2026-10-06,baseline
00QS200000W9eBu,2026-10-06,baseline
00QS200000W9e74,2026-10-06,baseline
00QS200000W9e73,2026-10-06,baseline
00QS200000W9e5S,2026-10-06,baseline
00QS200000W9e5R,2026-10-06,baseline
00QS200000W9e3q,2026-10-06,baseline
00QS200000W9e0b,2026-10-06,baseline
00QS200000W9duB,2026-10-06,baseline
00QS200000W9dsX,2026-10-06,baseline
00QS200000W9dqw,2026-10-06,baseline
00QS200000W9dhF,2026-10-06,baseline
00QS200000W9dfd,2026-10-06,baseline
00QS200000W9dcP,2026-10-06,baseline
00QS200000W9dZB,2026-10-06,baseline
00QS200000W9dSm,2026-10-06,baseline
00QS200000W9dSk,2026-10-06,baseline
00QS200000W9dRA,2026-10-06,baseline
00QS200000W9dPV,2026-10-06,baseline
00QS200000W9dHS,2026-10-06,baseline
00QS200000W9dFq,2026-10-06,baseline
00QS200000W9dCb,2026-10-06,baseline
00QS200000W9d9N,2026-10-06,baseline
00QS200000W9d7l,2026-10-06,baseline
00QS200000W9d69,2026-10-06,baseline
00QS200000W9d1K,2026-10-06,baseline
00QS200000W9d1J,2026-10-06,baseline
00QS200000W9czi,2026-10-06,baseline
00QS200000W9chx,2026-10-06,baseline
00QS200000W9cgL,2026-10-06,baseline
00QS200000W9cQE,2026-10-06,baseline
00QS200000W9cQD,2026-10-06,baseline
00QS200000W9cMz,2026-10-06,baseline
00QS200000W9c8T,2026-10-06,baseline
00QS200000W9bvZ,2026-10-06,baseline
00QS200000W9bh3,2026-10-06,baseline
00QS200000W9bQv,2026-10-06,baseline
00QS200000W9bPJ,2026-10-06,baseline
00QS200000W9bAn,2026-10-06,baseline
00QS200000W9b4M,2026-10-06,baseline
00QS200000W9ahl,2026-10-06,baseline
00QS200000W9ag9,2026-10-06,baseline
00QS200000W9aMo,2026-10-06,baseline
00QS200000W9aEj,2026-10-06,baseline
00QS200000W9aD7,2026-10-06,baseline
00QS200000W9a54,2026-10-06,baseline
00QS200000W9Zx1,2026-10-06,baseline
00QS200000W9Zwz,2026-10-06,baseline
00QS200000W9Zov,2026-10-06,baseline
00QS200000W9ZnJ,2026-10-06,baseline
00QS200000W9ZaP,2026-10-06,baseline
00QS200000W9ZYn,2026-10-06,baseline
00QS200000W9ZXB,2026-10-06,baseline
00QS200000W9ZVZ,2026-10-06,baseline
00QS200000W9ZTx,2026-10-06,baseline
00QS200000W9ZSL,2026-10-06,baseline
00QS200000W9ZQj,2026-10-06,baseline
00QS200000W9ZP7,2026-10-06,baseline
00QS200000W9ZNX,2026-10-06,baseline
00QS200000W9ZNV,2026-10-06,baseline
00QS200000W9ZLu,2026-10-06,baseline
00QS200000W9ZLt,2026-10-06,baseline
00QS200000W9ZAd,2026-10-06,baseline
00QS200000W9ZAb,2026-10-06,baseline
00QS200000W9Z2X,2026-10-06,baseline
00QS200000W9Z0v,2026-10-06,baseline
00QS200000W9YzJ,2026-10-06,baseline
00QS200000W9Yxh,2026-10-06,baseline
00QS200000W9Yw6,2026-10-06,baseline
00QS200000W9Yw5,2026-10-06,baseline
00QS200000W9YuT,2026-10-06,baseline
00QS200000W9Ysr,2026-10-06,baseline
00QS200000W9YrF,2026-10-06,baseline
00QS200000W9Ypd,2026-10-06,baseline
00QS200000W9YmQ,2026-10-06,baseline
00QS200000W9Yha,2026-10-06,baseline
00QS200000W9YeL,2026-10-06,baseline
00QS200000W9YZX,2026-10-06,baseline
00QS200000W9YXt,2026-10-06,baseline
00QS200000W9YWH,2026-10-06,baseline
00QS200000W9YUf,2026-10-06,baseline
00QS200000W9YT3,2026-10-06,baseline
00QS200000W9YRR,2026-10-06,baseline
00QS200000W9YPp,2026-10-06,baseline
00QS200000W9YOD,2026-10-06,baseline
00QS200000W9YMe,2026-10-06,baseline
00QS200000W9YMc,2026-10-06,baseline
00QS200000W9YMb,2026-10-06,baseline
00QS200000W9YKz,2026-10-06,baseline
00QS200000W9Y4r,2026-10-06,baseline
00QS200000W9XvB,2026-10-06,baseline
00QS200000W9XtZ,2026-10-06,baseline
00QS200000W9Xry,2026-10-06,baseline
00QS200000W9Xrx,2026-10-06,baseline
00QS200000W9XqL,2026-10-06,baseline
00QS200000W9Xoj,2026-10-06,baseline
00QS200000W9Xn7,2026-10-06,baseline
00QS200000W9XlV,2026-10-06,baseline
00QS200000W9Xjt,2026-10-06,baseline
00QS200000W9XiH,2026-10-06,baseline
00QS200000W9XWz,2026-10-06,baseline
00QS200000W9XTl,2026-10-06,baseline
00QS200000W9XOv,2026-10-06,baseline
00QS200000W9XNJ,2026-10-06,baseline
00QS200000W9XLi,2026-10-06,baseline
00QS200000W9XLh,2026-10-06,baseline
00QS200000W9XK5,2026-10-06,baseline
00QS200000W9XIU,2026-10-06,baseline
00QS200000W9XIT,2026-10-06,baseline
00QS200000W9XGs,2026-10-06,baseline
00QS200000W9XGr,2026-10-06,baseline
00QS200000W9XFF,2026-10-06,baseline
00QS200000W9XDd,2026-10-06,baseline
00QS200000W9XC1,2026-10-06,baseline
00QS200000W9XAQ,2026-10-06,baseline
00QS200000W9XAP,2026-10-06,baseline
00QS200000W9X8p,2026-10-06,baseline
00QS200000W9X3x,2026-10-06,baseline
00QS200000W9WuJ,2026-10-06,baseline
00QS200000W9Wnq,2026-10-06,baseline
00QS200000W9Wkc,2026-10-06,baseline
00QS200000W9Wav,2026-10-06,baseline
00QS200000W9WZJ,2026-10-06,baseline
00QS200000W9WXh,2026-10-06,baseline
00QS200000W9WW5,2026-10-06,baseline
00QS200000W9WUV,2026-10-06,baseline
00QS200000W9WUU,2026-10-06,baseline
00QS200000W9WUT,2026-10-06,baseline
00QS200000W9WSr,2026-10-06,baseline
00QS200000W9WRF,2026-10-06,baseline
00QS200000W9WPd,2026-10-06,baseline
00QS200000W9WKo,2026-10-06,baseline
00QS200000W9WJB,2026-10-06,baseline
00QS200000W9WFy,2026-10-06,baseline
00QS200000W9WCk,2026-10-06,baseline
00QS200000W9WB8,2026-10-06,baseline
00QS200000W9W33,2026-10-06,baseline
00QS200000W9W1R,2026-10-06,baseline
00QS200000W9VtP,2026-10-06,baseline
00QS200000W9Vmv,2026-10-06,baseline
00QS200000W9Vjh,2026-10-06,baseline
00QS200000W9Vi5,2026-10-06,baseline
00QS200000W9VgT,2026-10-06,baseline
00QS200000W9Ver,2026-10-06,baseline
00QS200000W9VdF,2026-10-06,baseline
00QS200000W9Vbf,2026-10-06,baseline
00QS200000W9Vbd,2026-10-06,baseline
00QS200000W9Va2,2026-10-06,baseline
00QS200000W9Va1,2026-10-06,baseline
00QS200000W9VYQ,2026-10-06,baseline
00QS200000W9VYP,2026-10-06,baseline
00QS200000W9VWq,2026-10-06,baseline
00QS200000W9VWp,2026-10-06,baseline
00QS200000W9VWo,2026-10-06,baseline
00QS200000W9VWn,2026-10-06,baseline
00QS200000W9VJu,2026-10-06,baseline
00QS200000W9V6z,2026-10-06,baseline
00QS200000W9V29,2026-10-06,baseline
00QS200000W9V0X,2026-10-06,baseline
00QS200000W9Uyv,2026-10-06,baseline
00QS200000W9UxJ,2026-10-06,baseline
00QS200000W9Uvi,2026-10-06,baseline
00QS200000W9Uvh,2026-10-06,baseline
00QS200000W9Uu5,2026-10-06,baseline
00QS200000W9Uin,2026-10-06,baseline
00QS200000W9UhB,2026-10-06,baseline
00QS200000W9UfZ,2026-10-06,baseline
00QS200000W9Udx,2026-10-06,baseline
00QS200000W9UcL,2026-10-06,baseline
00QS200000W9UXW,2026-10-06,baseline
00QS200000W9UXV,2026-10-06,baseline
00QS200000W9UUH,2026-10-06,baseline
00QS200000W9USf,2026-10-06,baseline
00QS200000W9UR4,2026-10-06,baseline
00QS200000W9UEA,2026-10-06,baseline
00QS200000W9UE9,2026-10-06,baseline
00QS200000W9UCY,2026-10-06,baseline
00QS200000W9UCX,2026-10-06,baseline
00QS200000W9UAv,2026-10-06,baseline
00QS200000W9U9J,2026-10-06,baseline
00QS200000W9U7h,2026-10-06,baseline
00QS200000W9U65,2026-10-06,baseline
00QS200000W9U4T,2026-10-06,baseline
00QS200000W9U2r,2026-10-06,baseline
00QS200000W9Tzd,2026-10-06,baseline
00QS200000W9Ty2,2026-10-06,baseline
00QS200000W9TrZ,2026-10-06,baseline
00QS200000W9Tpx,2026-10-06,baseline
00QS200000W9ToM,2026-10-06,baseline
00QS200000W9ToL,2026-10-06,baseline
00QS200000W9Tmj,2026-10-06,baseline
00QS200000W9Tl7,2026-10-06,baseline
00QS200000W9Tht,2026-10-06,baseline
00QS200000W9Td4,2026-10-06,baseline
00QS200000W9TZq,2026-10-06,baseline
00QS200000W9TZp,2026-10-06,baseline
00QS200000W9TYD,2026-10-06,baseline
00QS200000W9TWb,2026-10-06,baseline
00QS200000W9TUz,2026-10-06,baseline
00QS200000W9TTN,2026-10-06,baseline
00QS200000W9TRl,2026-10-06,baseline
00QS200000W9TQ9,2026-10-06,baseline
00QS200000W9TOX,2026-10-06,baseline
00QS200000W9TI7,2026-10-06,baseline
00QS200000W9TGU,2026-10-06,baseline
00QS200000W9TGT,2026-10-06,baseline
00QS200000W9TEr,2026-10-06,baseline
00QS200000W9TDF,2026-10-06,baseline
00QS200000W9TBd,2026-10-06,baseline
00QS200000W9TA1,2026-10-06,baseline
00QS200000W9T8P,2026-10-06,baseline
00QS200000W9T6o,2026-10-06,baseline
00QS200000W9T5B,2026-10-06,baseline
00QS200000W9T0M,2026-10-06,baseline
00QS200000W9T0L,2026-10-06,baseline
00QS200000W9Syj,2026-10-06,baseline
00QS200000W9Sx7,2026-10-06,baseline
00QS200000W9SvW,2026-10-06,baseline
00QS200000W9SvV,2026-10-06,baseline
00QS200000W9Stt,2026-10-06,baseline
00QS200000W9SsH,2026-10-06,baseline
00QS200000W9Sqf,2026-10-06,baseline
00QS200000W9Sgz,2026-10-06,baseline
00QS200000W9SfN,2026-10-06,baseline
00QS200000W9Sdl,2026-10-06,baseline
00QS200000W9Sc9,2026-10-06,baseline
00QS200000W9SaY,2026-10-06,baseline
00QS200000W9SaX,2026-10-06,baseline
00QS200000W9SSU,2026-10-06,baseline
00QS200000W9SST,2026-10-06,baseline
00QS200000W9SQr,2026-10-06,baseline
00QS200000W9SPF,2026-10-06,baseline
00QS200000W9SNe,2026-10-06,baseline
00QS200000W9SNd,2026-10-06,baseline
00QS200000W9SM1,2026-10-06,baseline
00QS200000W9SKP,2026-10-06,baseline
00QS200000W9SIp,2026-10-06,baseline
00QS200000W9SHC,2026-10-06,baseline
00QS200000W9SHB,2026-10-06,baseline
00QS200000W9SFZ,2026-10-06,baseline
00QS200000W9SDx,2026-10-06,baseline
00QS200000W9SCL,2026-10-06,baseline
00QS200000W9SAj,2026-10-06,baseline
00QS200000W9S99,2026-10-06,baseline
00QS200000W9S97,2026-10-06,baseline
00QS200000W9S7V,2026-10-06,baseline
00QS200000W9S5u,2026-10-06,baseline
00QS200000W9S5t,2026-10-06,baseline
00QS200000W9S4I,2026-10-06,baseline
00QS200000W9S4H,2026-10-06,baseline
00QS200000W9S2f,2026-10-06,baseline
00QS200000W9S14,2026-10-06,baseline
00QS200000W9Rxr,2026-10-06,baseline
00QS200000W9Rxp,2026-10-06,baseline
00QS200000W9RwG,2026-10-06,baseline
00QS200000W9RwD,2026-10-06,baseline
00QS200000W9Rub,2026-10-06,baseline
00QS200000W9Rt0,2026-10-06,baseline
00QS200000W9Rsz,2026-10-06,baseline
00QS200000W9RrN,2026-10-06,baseline
00QS200000W9Rpl,2026-10-06,baseline
00QS200000W9Ro9,2026-10-06,baseline
00QS200000W9RmX,2026-10-06,baseline
00QS200000W9Rkx,2026-10-06,baseline
00QS200000W9Rkw,2026-10-06,baseline
00QS200000W9Rkv,2026-10-06,baseline
00QS200000W9RjJ,2026-10-06,baseline
00QS200000W9Rhi,2026-10-06,baseline
00QS200000W9Rhh,2026-10-06,baseline
00QS200000W9Rg5,2026-10-06,baseline
00QS200000W9ReT,2026-10-06,baseline
00QS200000W9Rct,2026-10-06,baseline
00QS200000W9Rcs,2026-10-06,baseline
00QS200000W9Rcr,2026-10-06,baseline
00QS200000W9RbF,2026-10-06,baseline
00QS200000W9RZe,2026-10-06,baseline
00QS200000W9RZd,2026-10-06,baseline
00QS200000W9RWQ,2026-10-06,baseline
00QS200000W9RWP,2026-10-06,baseline
00QS200000W9RUo,2026-10-06,baseline
00QS200000W9RTB,2026-10-06,baseline
00QS200000W9RRZ,2026-10-06,baseline
00QS200000W9RPy,2026-10-06,baseline
00QS200000W9RPx,2026-10-06,baseline
00QS200000W9RON,2026-10-06,baseline
00QS200000W9ROM,2026-10-06,baseline
00QS200000W9ROL,2026-10-06,baseline
00QS200000W9RMj,2026-10-06,baseline
00QS200000W9RL7,2026-10-06,baseline
00QS200000W9RJW,2026-10-06,baseline
00QS200000W9RJV,2026-10-06,baseline
00QS200000W9RHu,2026-10-06,baseline
00QS200000W9RHt,2026-10-06,baseline
00QS200000W9RGI,2026-10-06,baseline
00QS200000W9RGH,2026-10-06,baseline
00QS200000W9RD3,2026-10-06,baseline
00QS200000W9RBR,2026-10-06,baseline
00QS200000W9R9p,2026-10-06,baseline
00QS200000W9R8E,2026-10-06,baseline
00QS200000W9R8D,2026-10-06,baseline
00QS200000W9R6d,2026-10-06,baseline
00QS200000W9R6c,2026-10-06,baseline
00QS200000W9R6b,2026-10-06,baseline
00QS200000W9R52,2026-10-06,baseline
00QS200000W9R51,2026-10-06,baseline
00QS200000W9R50,2026-10-06,baseline
00QS200000W9R4z,2026-10-06,baseline
00QS200000W9R3N,2026-10-06,baseline
00QS200000W9R1l,2026-10-06,baseline
00QS200000W9R0A,2026-10-06,baseline
00QS200000W9R09,2026-10-06,baseline
00QS200000W9QyY,2026-10-06,baseline
00QS200000W9QyX,2026-10-06,baseline
00QS200000W9Qwv,2026-10-06,baseline
00QS200000W9QvK,2026-10-06,baseline
00QS200000W9QvJ,2026-10-06,baseline
00QS200000W9Qth,2026-10-06,baseline
00QS200000W9Qs6,2026-10-06,baseline
00QS200000W9Qs5,2026-10-06,baseline
00QS200000W9QqT,2026-10-06,baseline
00QS200000W9Qos,2026-10-06,baseline
00QS200000W9Qor,2026-10-06,baseline
00QS200000W9QnF,2026-10-06,baseline
00QS200000W9Qlf,2026-10-06,baseline
00QS200000W9Qle,2026-10-06,baseline
00QS200000W9Qk1,2026-10-06,baseline
00QS200000W9QiR,2026-10-06,baseline
00QS200000W9QiQ,2026-10-06,baseline
00QS200000W9QiP,2026-10-06,baseline
00QS200000W9Qgr,2026-10-06,baseline
00QS200000W9Qgo,2026-10-06,baseline
00QS200000W9QfC,2026-10-06,baseline
00QS200000W9QfB,2026-10-06,baseline
00QS200000W9QdZ,2026-10-06,baseline
00QS200000W9Qbx,2026-10-06,baseline
00QS200000W9QaL,2026-10-06,baseline
00QS200000W9QX9,2026-10-06,baseline
00QS200000W9QX8,2026-10-06,baseline
00QS200000W9QSJ,2026-10-06,baseline
00QS200000W9QSH,2026-10-06,baseline
00QS200000W9QQf,2026-10-06,baseline
00QS200000W9QNU,2026-10-06,baseline
00QS200000W9QNS,2026-10-06,baseline
00QS200000W9QKF,2026-10-06,baseline
00QS200000W9QKE,2026-10-06,baseline
00QS200000W9QKD,2026-10-06,baseline
00QS200000W9QId,2026-10-06,baseline
00QS200000W9QIb,2026-10-06,baseline
00QS200000W9QH0,2026-10-06,baseline
00QS200000W9QDl,2026-10-06,baseline
00QS200000W9QCA,2026-10-06,baseline
00QS200000W9QAX,2026-10-06,baseline
00QS200000W9Q8w,2026-10-06,baseline
00QS200000W9Q5j,2026-10-06,baseline
00QS200000W9Q5i,2026-10-06,baseline
00QS200000W9Q5h,2026-10-06,baseline
00QS200000W9Q46,2026-10-06,baseline
00QS200000W9PzG,2026-10-06,baseline
00QS200000W9Pxe,2026-10-06,baseline
00QS200000W9Ppb,2026-10-06,baseline
00QS200000W9Ppa,2026-10-06,baseline
00QS200000W9Pj8,2026-10-06,baseline
00QS200000W9PhW,2026-10-06,baseline
00QS200000W9PhV,2026-10-06,baseline
00QS200000W9Pfu,2026-10-06,baseline
00QS200000W9Pcg,2026-10-06,baseline
00QS200000W9Pb3,2026-10-06,baseline
00QS200000W9PZR,2026-10-06,baseline
00QS200000W9PXp,2026-10-06,baseline
00QS200000W9PRO,2026-10-06,baseline
00QS200000W9PRN,2026-10-06,baseline
00QS200000W9PMY,2026-10-06,baseline
00QS200000W9PKy,2026-10-06,baseline
00QS200000W9PKx,2026-10-06,baseline
00QS200000W9PKw,2026-10-06,baseline
00QS200000W9PKv,2026-10-06,baseline
00QS200000W9PHj,2026-10-06,baseline
00QS200000W9PCu,2026-10-06,baseline
00QS200000W9PCt,2026-10-06,baseline
00QS200000W9PCr,2026-10-06,baseline
00QS200000W9P9e,2026-10-06,baseline
00QS200000W9P82,2026-10-06,baseline
00QS200000W9P6Q,2026-10-06,baseline
00QS200000W9P6P,2026-10-06,baseline
00QS200000W9P4p,2026-10-06,baseline
00QS200000W9P4o,2026-10-06,baseline
00QS200000W9P3B,2026-10-06,baseline
00QS200000W9Ozx,2026-10-06,baseline
00QS200000W9OyM,2026-10-06,baseline
00QS200000W9Ov7,2026-10-06,baseline
00QS200000W9OtX,2026-10-06,baseline
00QS200000W9OtW,2026-10-06,baseline
00QS200000W9Orw,2026-10-06,baseline
00QS200000W9Oru,2026-10-06,baseline
00QS200000W9On4,2026-10-06,baseline
00QS200000W9OlR,2026-10-06,baseline
00QS200000W9Oge,2026-10-06,baseline
00QS200000W9Ogd,2026-10-06,baseline
00QS200000W9Of0,2026-10-06,baseline
00QS200000W9Oez,2026-10-06,baseline
00QS200000W9OdO,2026-10-06,baseline
00QS200000W9OdN,2026-10-06,baseline
00QS200000W9Obn,2026-10-06,baseline
00QS200000W9OVN,2026-10-06,baseline
00QS200000W9OVL,2026-10-06,baseline
00QS200000W9OVK,2026-10-06,baseline
00QS200000W9OQV,2026-10-06,baseline
00QS200000W9OQU,2026-10-06,baseline
00QS200000W9OOt,2026-10-06,baseline
00QS200000W9OOs,2026-10-06,baseline
00QS200000W9OLe,2026-10-06,baseline
00QS200000W9OIP,2026-10-06,baseline
00QS200000W9OBy,2026-10-06,baseline
00QS200000W9OBx,2026-10-06,baseline
00QS200000W9O78,2026-10-06,baseline
00QS200000W9O5V,2026-10-06,baseline
00QS200000W9O2K,2026-10-06,baseline
00QS200000W9O2J,2026-10-06,baseline
00QS200000W9Nz4,2026-10-06,baseline
00QS200000W9Nvq,2026-10-06,baseline
00QS200000W9Nr1,2026-10-06,baseline
00QS200000W9NpN,2026-10-06,baseline
00QS200000W9Nnn,2026-10-06,baseline
00QS200000W9Niv,2026-10-06,baseline
00QS200000W9NhJ,2026-10-06,baseline
00QS200000W9Ne5,2026-10-06,baseline
00QS200000W9NcT,2026-10-06,baseline
00QS200000W9Nat,2026-10-06,baseline
00QS200000W9NXe,2026-10-06,baseline
00QS200000W9NW3,2026-10-06,baseline
00QS200000W9NRD,2026-10-06,baseline
00QS200000W9NNy,2026-10-06,baseline
00QS200000W9NMO,2026-10-06,baseline
00QS200000W9NJA,2026-10-06,baseline
00QS200000W9NHX,2026-10-06,baseline
00QS200000W9NHW,2026-10-06,baseline
00QS200000W9N9S,2026-10-06,baseline
00QS200000W9N1N,2026-10-06,baseline
00QS200000W9MyA,2026-10-06,baseline
00QS200000W9MwY,2026-10-06,baseline
00QS200000W9MtP,2026-10-06,baseline
00QS200000W9MtJ,2026-10-06,baseline
00QS200000W9Mri,2026-10-06,baseline
00QS200000W9MoU,2026-10-06,baseline
00QS200000W9MgP,2026-10-06,baseline
00QS200000W9Mep,2026-10-06,baseline
00QS200000W9MbZ,2026-10-06,baseline
00QS200000W9MWj,2026-10-06,baseline
00QS200000W9MF3,2026-10-06,baseline
00QS200000W9MF2,2026-10-06,baseline
00QS200000W9MDO,2026-10-06,baseline
00QS200000W9MAB,2026-10-06,baseline
00QS200000W9Lvf,2026-10-06,baseline
00QS200000W9Lvd,2026-10-06,baseline
00QS200000W9Lu1,2026-10-06,baseline
00QS200000W9LsQ,2026-10-06,baseline
00QS200000W9Lqp,2026-10-06,baseline
00QS200000W9Lij,2026-10-06,baseline
00QS200000W9Ldw,2026-10-06,baseline
00QS200000W9LSc,2026-10-06,baseline
00QS200000W9LNn,2026-10-06,baseline
00QS200000W9LM9,2026-10-06,baseline
00QS200000W9LIw,2026-10-06,baseline
00QS200000W9Kpu,2026-10-06,baseline
00QS200000W9KoK,2026-10-06,baseline
00QS200000W9KjR,2026-10-06,baseline
00QS200000W9KbO,2026-10-06,baseline
00QS200000W9K3V,2026-10-06,baseline
00QS200000W9K1x,2026-10-06,baseline
00QS200000W9Jqb,2026-10-06,baseline
00QS200000W9Jdi,2026-10-06,baseline
00QS200000W9JAg,2026-10-06,baseline
00QS200000W9Iw9,2026-10-06,baseline
00QS200000W9Ihd,2026-10-06,baseline
00QS200000W9IMf,2026-10-06,baseline
00QS200000W9IHp,2026-10-06,baseline
00QS200000W9IBO,2026-10-06,baseline
00QS200000W9I89,2026-10-06,baseline
00QS200000W9HyU,2026-10-06,baseline
00QS200000W9Hs2,2026-10-06,baseline
00QS200000W9Hbu,2026-10-06,baseline
00QS200000W9HaH,2026-10-06,baseline
00QS200000W9HX5,2026-10-06,baseline
00QS200000W9HIX,2026-10-06,baseline
00QS200000W9GzB,2026-10-06,baseline
00QS200000W9GxZ,2026-10-06,baseline
00QS200000W9Gsj,2026-10-06,baseline
00QS200000W9Gr8,2026-10-06,baseline
00QS200000W9GeD,2026-10-06,baseline
00QS200000W9Gcb,2026-10-06,baseline
00QS200000W9GZN,2026-10-06,baseline
00QS200000W9GSv,2026-10-06,baseline
00QS200000W9GO5,2026-10-06,baseline
00QS200000W9GKr,2026-10-06,baseline
00QS200000W9GHd,2026-10-06,baseline
00QS200000W9G37,2026-10-06,baseline
00QS200000W9G1W,2026-10-06,baseline
00QS200000W9FyH,2026-10-06,baseline
00QS200000W9Fwf,2026-10-06,baseline
00QS200000W9Fob,2026-10-06,baseline
00QS200000W9FlO,2026-10-06,baseline
00QS200000W9FiB,2026-10-06,baseline
00QS200000W9FiA,2026-10-06,baseline
00QS200000W9FgY,2026-10-06,baseline
00QS200000W9FgX,2026-10-06,baseline
00QS200000W9Fev,2026-10-06,baseline
00QS200000W9FYV,2026-10-06,baseline
00QS200000W9FVH,2026-10-06,baseline
00QS200000W9FVF,2026-10-06,baseline
00QS200000W9FNB,2026-10-06,baseline
00QS200000W9FLb,2026-10-06,baseline
00QS200000W9FIL,2026-10-06,baseline
00QS200000W9FAH,2026-10-06,baseline
00QS200000W9F5R,2026-10-06,baseline
00QS200000W9F2D,2026-10-06,baseline
00QS200000W9Eyz,2026-10-06,baseline
00QS200000W9Evl,2026-10-06,baseline
00QS200000W9Eni,2026-10-06,baseline
00QS200000W9Em5,2026-10-06,baseline
00QS200000W9Efd,2026-10-06,baseline
00QS200000W9EXZ,2026-10-06,baseline
00QS200000W9EW0,2026-10-06,baseline
00QS200000W9EVy,2026-10-06,baseline
00QS200000W9ESj,2026-10-06,baseline
00QS200000W9Dja,2026-10-06,baseline
00QS200000W9DQE,2026-10-06,baseline
00QS200000W9DA6,2026-10-06,baseline
00QS200000W9D8U,2026-10-06,baseline
00QS200000W9CsM,2026-10-06,baseline
00QS200000W9CVp,2026-10-06,baseline
00QS200000W9CPO,2026-10-06,baseline
00QS200000W9CKV,2026-10-06,baseline
00QS200000W9C5y,2026-10-06,baseline
00QS200000W9C18,2026-10-06,baseline
00QS200000W9Bmc,2026-10-06,baseline
00QS200000W9BeY,2026-10-06,baseline
00QS200000W9BWV,2026-10-06,baseline
00QS200000W9B6h,2026-10-06,baseline
00QS200000W9Aow,2026-10-06,baseline
00QS200000W9AaR,2026-10-06,baseline
00QS200000W9A7P,2026-10-06,baseline
00QS200000W99ss,2026-10-06,baseline
00QS200000W99Pt,2026-10-06,baseline
00QS200000W9EMH,2026-10-06,baseline
00QS200000W9EED,2026-10-06,baseline
00QS200000W9E7l,2026-10-06,baseline
00QS200000W9E4Y,2026-10-06,baseline
00QS200000W9E2v,2026-10-06,baseline
00QS200000W9Dzi,2026-10-06,baseline
00QS200000W9DoP,2026-10-06,baseline
00QS200000W9Dmn,2026-10-06,baseline
00QS200000W9DlB,2026-10-06,baseline
00QS200000W9Dhx,2026-10-06,baseline
00QS200000W9DMz,2026-10-06,baseline
00QS200000W9DGX,2026-10-06,baseline
00QS200000W9DEv,2026-10-06,baseline
00QS200000W9DBh,2026-10-06,baseline
00QS200000W9D5F,2026-10-06,baseline
00QS200000W9Cva,2026-10-06,baseline
00QS200000W9Clu,2026-10-06,baseline
00QS200000W9Cif,2026-10-06,baseline
00QS200000W9Cdp,2026-10-06,baseline
00QS200000W9CcH,2026-10-06,baseline
00QS200000W9CQv,2026-10-06,baseline
00QS200000W9CPJ,2026-10-06,baseline
00QS200000W9CKT,2026-10-06,baseline
00QS200000W9CHF,2026-10-06,baseline
00QS200000W9CFf,2026-10-06,baseline
00QS200000W9CFd,2026-10-06,baseline
00QS200000W9CE1,2026-10-06,baseline
00QS200000W9C9C,2026-10-06,baseline
00QS200000W9C4M,2026-10-06,baseline
00QS200000W9C17,2026-10-06,baseline
00QS200000W9Bxt,2026-10-06,baseline
00QS200000W9BjN,2026-10-06,baseline
00QS200000W9Bhl,2026-10-06,baseline
00QS200000W9BeX,2026-10-06,baseline
00QS200000W9BbJ,2026-10-06,baseline
00QS200000W9BGO,2026-10-06,baseline
00QS200000W9B53,2026-10-06,baseline
00QS200000W9B1p,2026-10-06,baseline
00QS200000W9Ax0,2026-10-06,baseline
00QS200000W9Awz,2026-10-06,baseline
00QS200000W9AnJ,2026-10-06,baseline
00QS200000W9Agu,2026-10-06,baseline
00QS200000W9Agt,2026-10-06,baseline
00QS200000W9AfF,2026-10-06,baseline
00QS200000W9AYo,2026-10-06,baseline
00QS200000W9AXB,2026-10-06,baseline
00QS200000W9AVb,2026-10-06,baseline
00QS200000W9AVa,2026-10-06,baseline
00QS200000W9ALu,2026-10-06,baseline
00QS200000W9AKI,2026-10-06,baseline
00QS200000W9AKH,2026-10-06,baseline
00QS200000W9AIf,2026-10-06,baseline
00QS200000W9AH3,2026-10-06,baseline
00QS200000W9ACD,2026-10-06,baseline
00QS200000W9A0v,2026-10-06,baseline
00QS200000W99xi,2026-10-06,baseline
00QS200000W99rF,2026-10-06,baseline
00QS200000W99pd,2026-10-06,baseline
00QS200000W99o1,2026-10-06,baseline
00QS200000W99mQ,2026-10-06,baseline
00QS200000W99mP,2026-10-06,baseline
00QS200000W99eL,2026-10-06,baseline
00QS200000W99b8,2026-10-06,baseline
00QS200000W99ZW,2026-10-06,baseline
00QS200000W99WH,2026-10-06,baseline
00QS200000W99RR,2026-10-06,baseline
00QS200000W99Pp,2026-10-06,baseline
00QS200000W99OE,2026-10-06,baseline
00QS200000W99Mb,2026-10-06,baseline
00QS200000W99JO,2026-10-06,baseline
00QS200000W99Hl,2026-10-06,baseline
00QS200000W99EX,2026-10-06,baseline
00QS200000W993F,2026-10-06,baseline
00QS200000W98yP,2026-10-06,baseline
00QS200000W98n8,2026-10-06,baseline
00QS200000W98lV,2026-10-06,baseline
00QS200000W98iJ,2026-10-06,baseline
00QS200000W98iI,2026-10-06,baseline
00QS200000W98gf,2026-10-06,baseline
00QS200000W98Tl,2026-10-06,baseline
00QS200000W98K5,2026-10-06,baseline
00QS200000W98De,2026-10-06,baseline
00QS200000W98Dd,2026-10-06,baseline
00QS200000W98AP,2026-10-06,baseline
00QS200000W987B,2026-10-06,baseline
00QS200000W97xV,2026-10-06,baseline
00QS200000W97uH,2026-10-06,baseline
00QS200000W97r4,2026-10-06,baseline
00QS200000W97hN,2026-10-06,baseline
00QS200000W97cY,2026-10-06,baseline
00QS200000W97cX,2026-10-06,baseline
00QS200000W97av,2026-10-06,baseline
00QS200000W97Xh,2026-10-06,baseline
00QS200000W97RF,2026-10-06,baseline
00QS200000W97Kn,2026-10-06,baseline
00QS200000W97JB,2026-10-06,baseline
00QS200000W97Fx,2026-10-06,baseline
00QS200000W97EL,2026-10-06,baseline
00QS200000W97B8,2026-10-06,baseline
00QS200000W977u,2026-10-06,baseline
00QS200000W976H,2026-10-06,baseline
00QS200000W96yE,2026-10-06,baseline
00QS200000W96mw,2026-10-06,baseline
00QS200000W96lJ,2026-10-06,baseline
00QS200000W96i6,2026-10-06,baseline
00QS200000W96gT,2026-10-06,baseline
00QS200000W96er,2026-10-06,baseline
00QS200000W96Ta,2026-10-06,baseline
00QS200000W96Oj,2026-10-06,baseline
00QS200000W96Ju,2026-10-06,baseline
00QS200000W96F3,2026-10-06,baseline
00QS200000W968c,2026-10-06,baseline
00QS200000W968b,2026-10-06,baseline
00QS200000W965N,2026-10-06,baseline
00QS200000W95yw,2026-10-06,baseline
00QS200000W95vh,2026-10-06,baseline
00QS200000W95kP,2026-10-06,baseline
00QS200000W95R4,2026-10-06,baseline
00QS200000W95Fl,2026-10-06,baseline
00QS200000W959K,2026-10-06,baseline
00QS200000W952t,2026-10-06,baseline
00QS200000W951F,2026-10-06,baseline
00QS200000W94zd,2026-10-06,baseline
00QS200000W94up,2026-10-06,baseline
00QS200000W94tC,2026-10-06,baseline
00QS200000W94rc,2026-10-06,baseline
00QS200000W94rb,2026-10-06,baseline
00QS200000W94rZ,2026-10-06,baseline
00QS200000W94l7,2026-10-06,baseline
00QS200000W94jV,2026-10-06,baseline
00QS200000W94ef,2026-10-06,baseline
00QS200000W94d4,2026-10-06,baseline
00QS200000W94TP,2026-10-06,baseline
00QS200000W94Rl,2026-10-06,baseline
00QS200000W94OZ,2026-10-06,baseline
00QS200000W94OX,2026-10-06,baseline
00QS200000W94LJ,2026-10-06,baseline
00QS200000W94Ji,2026-10-06,baseline
00QS200000W94Jh,2026-10-06,baseline
00QS200000W94GT,2026-10-06,baseline
00QS200000W94A3,2026-10-06,baseline
00QS200000W94A1,2026-10-06,baseline
00QS200000W943Z,2026-10-06,baseline
00QS200000W940M,2026-10-06,baseline
00QS200000W93vW,2026-10-06,baseline
00QS200000W93vV,2026-10-06,baseline
00QS200000W93qg,2026-10-06,baseline
00QS200000W93ib,2026-10-06,baseline
00QS200000W93gz,2026-10-06,baseline
00QS200000W93fP,2026-10-06,baseline
00QS200000W93dl,2026-10-06,baseline
00QS200000W93cC,2026-10-06,baseline
00QS200000W93Yw,2026-10-06,baseline
00QS200000W93XK,2026-10-06,baseline
00QS200000W93Vk,2026-10-06,baseline
00QS200000W93U5,2026-10-06,baseline
00QS200000W93PH,2026-10-06,baseline
00QS200000W93PF,2026-10-06,baseline
00QS200000W93Ne,2026-10-06,baseline
00QS200000W93Ip,2026-10-06,baseline
00QS200000W93Aj,2026-10-06,baseline
00QS200000W9398,2026-10-06,baseline
00QS200000W9397,2026-10-06,baseline
00QS200000W934J,2026-10-06,baseline
00QS200000W932g,2026-10-06,baseline
00QS200000W92rN,2026-10-06,baseline
00QS200000W92jJ,2026-10-06,baseline
00QS200000W92g6,2026-10-06,baseline
00QS200000W92eT,2026-10-06,baseline
00QS200000W92cr,2026-10-06,baseline
00QS200000W92bF,2026-10-06,baseline
00QS200000W92Mk,2026-10-06,baseline
00QS200000W92Mj,2026-10-06,baseline
00QS200000W92L7,2026-10-06,baseline
00QS200000W92JV,2026-10-06,baseline
00QS200000W92BS,2026-10-06,baseline
00QS200000W92BR,2026-10-06,baseline
00QS200000W923N,2026-10-06,baseline
00QS200000W921o,2026-10-06,baseline
00QS200000W91ww,2026-10-06,baseline
00QS200000W91vJ,2026-10-06,baseline
00QS200000W91or,2026-10-06,baseline
00QS200000W91k2,2026-10-06,baseline
00QS200000W91k1,2026-10-06,baseline
00QS200000W91gn,2026-10-06,baseline
00QS200000W91aN,2026-10-06,baseline
00QS200000W91aM,2026-10-06,baseline
00QS200000W91X9,2026-10-06,baseline
00QS200000W91X7,2026-10-06,baseline
00QS200000W91VV,2026-10-06,baseline
00QS200000W91Tu,2026-10-06,baseline
00QS200000W91SI,2026-10-06,baseline
00QS200000W91P3,2026-10-06,baseline
00QS200000W91KD,2026-10-06,baseline
00QS200000W91FO,2026-10-06,baseline
00QS200000W91Dl,2026-10-06,baseline
00QS200000W910r,2026-10-06,baseline
00QS200000W90xd,2026-10-06,baseline
00QS200000W90sn,2026-10-06,baseline
00QS200000W90pb,2026-10-06,baseline
00QS200000W90nx,2026-10-06,baseline
00QS200000W90kl,2026-10-06,baseline
00QS200000W90j7,2026-10-06,baseline
00QS200000W90eH,2026-10-06,baseline
00QS200000W90Xq,2026-10-06,baseline
00QS200000W90T3,2026-10-06,baseline
00QS200000W90T1,2026-10-06,baseline
00QS200000W90G5,2026-10-06,baseline
00QS200000W909e,2026-10-06,baseline
00QS200000W906P,2026-10-06,baseline
00QS200000W904n,2026-10-06,baseline
00QS200000W903C,2026-10-06,baseline
00QS200000W8zzy,2026-10-06,baseline
00QS200000W8zzx,2026-10-06,baseline
00QS200000W8ziD,2026-10-06,baseline
00QS200000W8zgc,2026-10-06,baseline
00QS200000W8zbl,2026-10-06,baseline
00QS200000W8zS6,2026-10-06,baseline
00QS200000W8zNG,2026-10-06,baseline
00QS200000W8zNF,2026-10-06,baseline
00QS200000W8zLd,2026-10-06,baseline
00QS200000W8zFF,2026-10-06,baseline
00QS200000W8zFE,2026-10-06,baseline
00QS200000W8zFD,2026-10-06,baseline
00QS200000W8zBx,2026-10-06,baseline
00QS200000W8z3v,2026-10-06,baseline
00QS200000W8z3u,2026-10-06,baseline
00QS200000W8z2I,2026-10-06,baseline
00QS200000W8z2H,2026-10-06,baseline
00QS200000W8yz3,2026-10-06,baseline
00QS200000W8yxR,2026-10-06,baseline
00QS200000W8yvp,2026-10-06,baseline
00QS200000W8yqz,2026-10-06,baseline
00QS200000W8yiv,2026-10-06,baseline
00QS200000W8yar,2026-10-06,baseline
00QS200000W8yUP,2026-10-06,baseline
00QS200000W8yRB,2026-10-06,baseline
00QS200000W8yKl,2026-10-06,baseline
00QS200000W8yHW,2026-10-06,baseline
00QS200000W8y9R,2026-10-06,baseline
00QS200000W8y4b,2026-10-06,baseline
00QS200000W8y2z,2026-10-06,baseline
00QS200000W8xtL,2026-10-06,baseline
00QS200000W8xtK,2026-10-06,baseline
00QS200000W8xq7,2026-10-06,baseline
00QS200000W8xi2,2026-10-06,baseline
00QS200000W8xgQ,2026-10-06,baseline
00QS200000W8xV7,2026-10-06,baseline
00QS200000W8xRw,2026-10-06,baseline
00QS200000W8xOg,2026-10-06,baseline
00QS200000W8xOf,2026-10-06,baseline
00QS200000W8xIF,2026-10-06,baseline
00QS200000W8xDO,2026-10-06,baseline
00QS200000W8x8Z,2026-10-06,baseline
00QS200000W8x6x,2026-10-06,baseline
00QS200000W8x6v,2026-10-06,baseline
00QS200000W8x5L,2026-10-06,baseline
00QS200000W8x27,2026-10-06,baseline
00QS200000W8x25,2026-10-06,baseline
00QS200000W8wsP,2026-10-06,baseline
00QS200000W8wnZ,2026-10-06,baseline
00QS200000W8wkL,2026-10-06,baseline
00QS200000W8wij,2026-10-06,baseline
00QS200000W8wh7,2026-10-06,baseline
00QS200000W8wdt,2026-10-06,baseline
00QS200000W8wXR,2026-10-06,baseline
00QS200000W8wVq,2026-10-06,baseline
00QS200000W8wSb,2026-10-06,baseline
00QS200000W8wMA,2026-10-06,baseline
00QS200000W8wKX,2026-10-06,baseline
00QS200000W8wAr,2026-10-06,baseline
00QS200000W8w2n,2026-10-06,baseline
00QS200000W8w1B,2026-10-06,baseline
00QS200000W8vuj,2026-10-06,baseline
00QS200000W8vt7,2026-10-06,baseline
00QS200000W8vl4,2026-10-06,baseline
00QS200000W8vhp,2026-10-06,baseline
00QS200000W8vZl,2026-10-06,baseline
00QS200000W8vGP,2026-10-06,baseline
00QS200000W8vDC,2026-10-06,baseline
00QS200000W8vBZ,2026-10-06,baseline
00QS200000W8v8L,2026-10-06,baseline
00QS200000W8v3W,2026-10-06,baseline
00QS200000W8v1t,2026-10-06,baseline
00QS200000W8v0I,2026-10-06,baseline
00QS200000W8uvR,2026-10-06,baseline
00QS200000W8uts,2026-10-06,baseline
00QS200000W8utq,2026-10-06,baseline
00QS200000W8utp,2026-10-06,baseline
00QS200000W8ukB,2026-10-06,baseline
00QS200000W8ugv,2026-10-06,baseline
00QS200000W8udh,2026-10-06,baseline
00QS200000W8uXF,2026-10-06,baseline
00QS200000W8uU1,2026-10-06,baseline
00QS200000W8uSQ,2026-10-06,baseline
00QS200000W8uPC,2026-10-06,baseline
00QS200000W8uIl,2026-10-06,baseline
00QS200000W8uCH,2026-10-06,baseline
00QS200000W8u93,2026-10-06,baseline
00QS200000W8u7R,2026-10-06,baseline
00QS200000W8u0z,2026-10-06,baseline
00QS200000W8txm,2026-10-06,baseline
00QS200000W8to6,2026-10-06,baseline
00QS200000W8tjF,2026-10-06,baseline
00QS200000W8thd,2026-10-06,baseline
00QS200000W8tg1,2026-10-06,baseline
00QS200000W8teP,2026-10-06,baseline
00QS200000W8tcn,2026-10-06,baseline
00QS200000W8tZa,2026-10-06,baseline
00QS200000W8tXy,2026-10-06,baseline
00QS200000W8tT7,2026-10-06,baseline
00QS200000W8tPt,2026-10-06,baseline
00QS200000W8tEb,2026-10-06,baseline
00QS200000W8tCz,2026-10-06,baseline
00QS200000W8t8B,2026-10-06,baseline
00QS200000W8t8A,2026-10-06,baseline
00QS200000W8sws,2026-10-06,baseline
00QS200000W8std,2026-10-06,baseline
00QS200000W8ss1,2026-10-06,baseline
00QS200000W8saH,2026-10-06,baseline
00QS200000W8sX5,2026-10-06,baseline
00QS200000W8sNN,2026-10-06,baseline
00QS200000W8sIY,2026-10-06,baseline
00QS200000W8s7F,2026-10-06,baseline
00QS200000W8s5e,2026-10-06,baseline
00QS200000W8s2R,2026-10-06,baseline
00QS200000W8s2P,2026-10-06,baseline
00QS200000W8s0o,2026-10-06,baseline
00QS200000W8rr7,2026-10-06,baseline
00QS200000W8rnt,2026-10-06,baseline
00QS200000W8rb0,2026-10-06,baseline
00QS200000W8rW9,2026-10-06,baseline
00QS200000W8rPi,2026-10-06,baseline
00QS200000W8rPh,2026-10-06,baseline
00QS200000W8rO5,2026-10-06,baseline
00QS200000W8rKt,2026-10-06,baseline
00QS200000W8rKs,2026-10-06,baseline
00QS200000W8rJH,2026-10-06,baseline
00QS200000W8rG1,2026-10-06,baseline
00QS200000W8r7x,2026-10-06,baseline
00QS200000W8qv3,2026-10-06,baseline
00QS200000W8qod,2026-10-06,baseline
00QS200000W8qoc,2026-10-06,baseline
00QS200000W8qgX,2026-10-06,baseline
00QS200000W8qew,2026-10-06,baseline
00QS200000W8qa7,2026-10-06,baseline
00QS200000W8qa6,2026-10-06,baseline
00QS200000W8qa5,2026-10-06,baseline
00QS200000W8qWs,2026-10-06,baseline
00QS200000W8qTf,2026-10-06,baseline
00QS200000W8qNC,2026-10-06,baseline
00QS200000W8qLZ,2026-10-06,baseline
00QS200000W8qGj,2026-10-06,baseline
00QS200000W8qF8,2026-10-06,baseline
00QS200000W8qF7,2026-10-06,baseline
00QS200000W8q3p,2026-10-06,baseline
00QS200000W8q0e,2026-10-06,baseline
00QS200000W8pyz,2026-10-06,baseline
00QS200000W8phF,2026-10-06,baseline
00QS200000W8pZC,2026-10-06,baseline
00QS200000W8pVy,2026-10-06,baseline
00QS200000W8pKg,2026-10-06,baseline
00QS200000W8pKf,2026-10-06,baseline
00QS200000W8p9O,2026-10-06,baseline
00QS200000W8ozh,2026-10-06,baseline
00QS200000W8oy6,2026-10-06,baseline
00QS200000W8oy5,2026-10-06,baseline
00QS200000W8our,2026-10-06,baseline
00QS200000W8otH,2026-10-06,baseline
00QS200000W8ore,2026-10-06,baseline
00QS200000W8olC,2026-10-06,baseline
00QS200000W8olB,2026-10-06,baseline
00QS200000W8ojZ,2026-10-06,baseline
00QS200000W8od7,2026-10-06,baseline
00QS200000W8oZt,2026-10-06,baseline
00QS200000W8oYH,2026-10-06,baseline
00QS200000W8oWf,2026-10-06,baseline
00QS200000W8oLN,2026-10-06,baseline
00QS200000W8oJl,2026-10-06,baseline
00QS200000W8oA7,2026-10-06,baseline
00QS200000W8o8U,2026-10-06,baseline
00QS200000W8o6s,2026-10-06,baseline
00QS200000W8o6r,2026-10-06,baseline
00QS200000W8nnW,2026-10-06,baseline
00QS200000W8nnV,2026-10-06,baseline
00QS200000W8nlt,2026-10-06,baseline
00QS200000W8nih,2026-10-06,baseline
00QS200000W8nig,2026-10-06,baseline
00QS200000W8ndp,2026-10-06,baseline
00QS200000W8ncD,2026-10-06,baseline
00QS200000W8nab,2026-10-06,baseline
00QS200000W8nXO,2026-10-06,baseline
00QS200000W8nKT,2026-10-06,baseline
00QS200000W8nCP,2026-10-06,baseline
00QS200000W8n9C,2026-10-06,baseline
00QS200000W8n5z,2026-10-06,baseline
00QS200000W8n17,2026-10-06,baseline
00QS200000W8mpq,2026-10-06,baseline
00QS200000W8mcw,2026-10-06,baseline
00QS200000W8mWT,2026-10-06,baseline
00QS200000W8mUr,2026-10-06,baseline
00QS200000W8mLB,2026-10-06,baseline
00QS200000W8mD7,2026-10-06,baseline
00QS200000W8mBW,2026-10-06,baseline
00QS200000W8m3R,2026-10-06,baseline
00QS200000W8m1p,2026-10-06,baseline
00QS200000W8lyb,2026-10-06,baseline
00QS200000W8lsA,2026-10-06,baseline
00QS200000W8low,2026-10-06,baseline
00QS200000W8lfF,2026-10-06,baseline
00QS200000W8lVZ,2026-10-06,baseline
00QS200000W8lQj,2026-10-06,baseline
00QS200000W8lP8,2026-10-06,baseline
00QS200000W8lP7,2026-10-06,baseline
00QS200000W8lLv,2026-10-06,baseline
00QS200000W8l8z,2026-10-06,baseline
00QS200000W8l5o,2026-10-06,baseline
00QS200000W8kxh,2026-10-06,baseline
00QS200000W8kpf,2026-10-06,baseline
00QS200000W8kmR,2026-10-06,baseline
00QS200000W8kjC,2026-10-06,baseline
00QS200000W8kfy,2026-10-06,baseline
00QS200000W8kb8,2026-10-06,baseline
00QS200000W8kXt,2026-10-06,baseline
00QS200000W8kWH,2026-10-06,baseline
00QS200000W8kOE,2026-10-06,baseline
00QS200000W8kJO,2026-10-06,baseline
00QS200000W8kBK,2026-10-06,baseline
00QS200000W8k85,2026-10-06,baseline
00QS200000W8k01,2026-10-06,baseline
00QS200000W8jrx,2026-10-06,baseline
00QS200000W8jn7,2026-10-06,baseline
00QS200000W8jlV,2026-10-06,baseline
00QS200000W8jiH,2026-10-06,baseline
00QS200000W8jgf,2026-10-06,baseline
00QS200000W8jf3,2026-10-06,baseline
00QS200000W8jNK,2026-10-06,baseline
00QS200000W8jC2,2026-10-06,baseline
00QS200000W8j0k,2026-10-06,baseline
00QS200000W8iz7,2026-10-06,baseline
00QS200000W8ivt,2026-10-06,baseline
00QS200000W8isf,2026-10-06,baseline
00QS200000W8imD,2026-10-06,baseline
00QS200000W8ikb,2026-10-06,baseline
00QS200000W8ifl,2026-10-06,baseline
00QS200000W8icZ,2026-10-06,baseline
00QS200000W8iXi,2026-10-06,baseline
00QS200000W8iXh,2026-10-06,baseline
00QS200000W8iW5,2026-10-06,baseline
00QS200000W8iSr,2026-10-06,baseline
00QS200000W8iO1,2026-10-06,baseline
00QS200000W8iB7,2026-10-06,baseline
00QS200000W8i4i,2026-10-06,baseline
00QS200000W8hzp,2026-10-06,baseline
00QS200000W8hlJ,2026-10-06,baseline
00QS200000W8hji,2026-10-06,baseline
00QS200000W8hgT,2026-10-06,baseline
00QS200000W8her,2026-10-06,baseline
00QS200000W8hdF,2026-10-06,baseline
00QS200000W8ha1,2026-10-06,baseline
00QS200000W8hYQ,2026-10-06,baseline
00QS200000W8hRy,2026-10-06,baseline
00QS200000W8hN8,2026-10-06,baseline
00QS200000W8hLW,2026-10-06,baseline
00QS200000W8hJu,2026-10-06,baseline
00QS200000W8hGf,2026-10-06,baseline
00QS200000W8hF4,2026-10-06,baseline
00QS200000W8h6z,2026-10-06,baseline
00QS200000W8h0X,2026-10-06,baseline
00QS200000W8gsT,2026-10-06,baseline
00QS200000W8gqt,2026-10-06,baseline
00QS200000W8gqr,2026-10-06,baseline
00QS200000W8gpG,2026-10-06,baseline
00QS200000W8gnd,2026-10-06,baseline
00QS200000W8gm1,2026-10-06,baseline
00QS200000W8gVv,2026-10-06,baseline
00QS200000W8gVt,2026-10-06,baseline
00QS200000W8gME,2026-10-06,baseline
00QS200000W8gMD,2026-10-06,baseline
00QS200000W8gKb,2026-10-06,baseline
00QS200000W8gJ0,2026-10-06,baseline
00QS200000W8gIz,2026-10-06,baseline
00QS200000W8gAw,2026-10-06,baseline
00QS200000W8fy1,2026-10-06,baseline
00QS200000W8ftB,2026-10-06,baseline
00QS200000W8fra,2026-10-06,baseline
00QS200000W8fjW,2026-10-06,baseline
00QS200000W8fd4,2026-10-06,baseline
00QS200000W8fI5,2026-10-06,baseline
00QS200000W8fEu,2026-10-06,baseline
00QS200000W8f3Z,2026-10-06,baseline
00QS200000W8esH,2026-10-06,baseline
00QS200000W8enR,2026-10-06,baseline
00QS200000W8eST,2026-10-06,baseline
00QS200000W8ePF,2026-10-06,baseline
00QS200000W8eM1,2026-10-06,baseline
00QS200000W8eHB,2026-10-06,baseline
00QS200000W8e7Y,2026-10-06,baseline
00QS200000W8e7V,2026-10-06,baseline
00QS200000W8e5t,2026-10-06,baseline
00QS200000W8dzT,2026-10-06,baseline
00QS200000W8dzS,2026-10-06,baseline
00QS200000W8dwD,2026-10-06,baseline
00QS200000W8dub,2026-10-06,baseline
00QS200000W8dsz,2026-10-06,baseline
00QS200000W8doA,2026-10-06,baseline
00QS200000W8dkw,2026-10-06,baseline
00QS200000W8dhi,2026-10-06,baseline
00QS200000W8dhh,2026-10-06,baseline
00QS200000W8dbG,2026-10-06,baseline
00QS200000W8dWP,2026-10-06,baseline
00QS200000W8dPy,2026-10-06,baseline
00QS200000W8dMl,2026-10-06,baseline
00QS200000W8dMj,2026-10-06,baseline
00QS200000W8dJW,2026-10-06,baseline
00QS200000W8dEf,2026-10-06,baseline
00QS200000W8dD4,2026-10-06,baseline
00QS200000W8cvJ,2026-10-06,baseline
00QS200000W8ctj,2026-10-06,baseline
00QS200000W8cti,2026-10-06,baseline
00QS200000W8cs6,2026-10-06,baseline
00QS200000W8cnI,2026-10-06,baseline
00QS200000W8ciP,2026-10-06,baseline
00QS200000W8cgn,2026-10-06,baseline
00QS200000W8cbx,2026-10-06,baseline
00QS200000W8cX9,2026-10-06,baseline
00QS200000W8cQf,2026-10-06,baseline
00QS200000W8cP4,2026-10-06,baseline
00QS200000W8cLp,2026-10-06,baseline
00QS200000W8c7K,2026-10-06,baseline
00QS200000W8c45,2026-10-06,baseline
00QS200000W8c0s,2026-10-06,baseline
00QS200000W8bw1,2026-10-06,baseline
00QS200000W8bpZ,2026-10-06,baseline
00QS200000W8bkj,2026-10-06,baseline
00QS200000W8bhV,2026-10-06,baseline
00QS200000W8beH,2026-10-06,baseline
00QS200000W8bRO,2026-10-06,baseline
00QS200000W8bRN,2026-10-06,baseline
00QS200000W8bPl,2026-10-06,baseline
00QS200000W8bOA,2026-10-06,baseline
00QS200000W8bHi,2026-10-06,baseline
00QS200000W8bG7,2026-10-06,baseline
00QS200000W8bG5,2026-10-06,baseline
00QS200000W8b4n,2026-10-06,baseline
00QS200000W8azx,2026-10-06,baseline
00QS200000W8ayM,2026-10-06,baseline
00QS200000W8aoh,2026-10-06,baseline
00QS200000W8ajp,2026-10-06,baseline
00QS200000W8agb,2026-10-06,baseline
00QS200000W8aez,2026-10-06,baseline
00QS200000W8aWv,2026-10-06,baseline
00QS200000W8aQT,2026-10-06,baseline
00QS200000W8aLd,2026-10-06,baseline
00QS200000W8a5X,2026-10-06,baseline
00QS200000W8ZuD,2026-10-06,baseline
00QS200000W8Znl,2026-10-06,baseline
00QS200000W8ZkX,2026-10-06,baseline
00QS200000W8Ze5,2026-10-06,baseline
00QS200000W8ZcT,2026-10-06,baseline
00QS200000W8Zat,2026-10-06,baseline
00QS200000W8ZXe,2026-10-06,baseline
00QS200000W8ZUT,2026-10-06,baseline
00QS200000W8ZSn,2026-10-06,baseline
00QS200000W8ZRB,2026-10-06,baseline
00QS200000W8ZNz,2026-10-06,baseline
00QS200000W8ZNx,2026-10-06,baseline
00QS200000W8ZMN,2026-10-06,baseline
00QS200000W8ZEH,2026-10-06,baseline
00QS200000W8Z6E,2026-10-06,baseline
00QS200000W8Z4b,2026-10-06,baseline
00QS200000W8Z2z,2026-10-06,baseline
00QS200000W8Z1N,2026-10-06,baseline
00QS200000W8YyA,2026-10-06,baseline
00QS200000W8YtJ,2026-10-06,baseline
00QS200000W8Yrh,2026-10-06,baseline
00QS200000W8YiA,2026-10-06,baseline
00QS200000W8YgS,2026-10-06,baseline
00QS200000W8YgQ,2026-10-06,baseline
00QS200000W8YgP,2026-10-06,baseline
00QS200000W8Yen,2026-10-06,baseline
00QS200000W8YdE,2026-10-06,baseline
00QS200000W8YWj,2026-10-06,baseline
00QS200000W8YQH,2026-10-06,baseline
00QS200000W8YEz,2026-10-06,baseline
00QS200000W8YA9,2026-10-06,baseline
00QS200000W8Y6w,2026-10-06,baseline
00QS200000W8Y5J,2026-10-06,baseline
00QS200000W8Xyu,2026-10-06,baseline
00QS200000W8Xyt,2026-10-06,baseline
00QS200000W8Xys,2026-10-06,baseline
00QS200000W8Xyr,2026-10-06,baseline
00QS200000W8XxF,2026-10-06,baseline
00QS200000W8Xvd,2026-10-06,baseline
00QS200000W8XkL,2026-10-06,baseline
00QS200000W8Xil,2026-10-06,baseline
00QS200000W8Xik,2026-10-06,baseline
00QS200000W8Xij,2026-10-06,baseline
00QS200000W8Xh7,2026-10-06,baseline
00QS200000W8XfY,2026-10-06,baseline
00QS200000W8XfW,2026-10-06,baseline
00QS200000W8XfV,2026-10-06,baseline
00QS200000W8Xdt,2026-10-06,baseline
00QS200000W8XcH,2026-10-06,baseline
00QS200000W8Xaf,2026-10-06,baseline
00QS200000W8XZ3,2026-10-06,baseline
00QS200000W8XVp,2026-10-06,baseline
00QS200000W8XPO,2026-10-06,baseline
00QS200000W8XIv,2026-10-06,baseline
00QS200000W8XHJ,2026-10-06,baseline
00QS200000W8XFi,2026-10-06,baseline
00QS200000W8XE5,2026-10-06,baseline
00QS200000W8XCU,2026-10-06,baseline
00QS200000W8X9F,2026-10-06,baseline
00QS200000W8X7d,2026-10-06,baseline
00QS200000W8X61,2026-10-06,baseline
00QS200000W8X4R,2026-10-06,baseline
00QS200000W8Wza,2026-10-06,baseline
00QS200000W8Wl5,2026-10-06,baseline
00QS200000W8WjR,2026-10-06,baseline
00QS200000W8WgD,2026-10-06,baseline
00QS200000W8WY9,2026-10-06,baseline
00QS200000W8WWY,2026-10-06,baseline
00QS200000W8WWX,2026-10-06,baseline
00QS200000W8WUv,2026-10-06,baseline
00QS200000W8WTJ,2026-10-06,baseline
00QS200000W8WRi,2026-10-06,baseline
00QS200000W8WRh,2026-10-06,baseline
00QS200000W8WQ5,2026-10-06,baseline
00QS200000W8WLF,2026-10-06,baseline
00QS200000W8WJd,2026-10-06,baseline
00QS200000W8W57,2026-10-06,baseline
00QS200000W8W3V,2026-10-06,baseline
00QS200000W8W0H,2026-10-06,baseline
00QS200000W8Vyh,2026-10-06,baseline
00QS200000W8Vyf,2026-10-06,baseline
00QS200000W8VvR,2026-10-06,baseline
00QS200000W8VsF,2026-10-06,baseline
00QS200000W8Vll,2026-10-06,baseline
00QS200000W8ViY,2026-10-06,baseline
00QS200000W8VfJ,2026-10-06,baseline
00QS200000W8VaT,2026-10-06,baseline
00QS200000W8VXF,2026-10-06,baseline
00QS200000W8VVf,2026-10-06,baseline
00QS200000W8VVd,2026-10-06,baseline
00QS200000W8VU1,2026-10-06,baseline
00QS200000W8VSP,2026-10-06,baseline
00QS200000W8VIj,2026-10-06,baseline
00QS200000W8VCJ,2026-10-06,baseline
00QS200000W8VCH,2026-10-06,baseline
00QS200000W8VAf,2026-10-06,baseline
00QS200000W8V7T,2026-10-06,baseline
00QS200000W8V7R,2026-10-06,baseline
00QS200000W8V4D,2026-10-06,baseline
00QS200000W8V2b,2026-10-06,baseline
00QS200000W8V11,2026-10-06,baseline
00QS200000W8UzN,2026-10-06,baseline
00QS200000W8Uxl,2026-10-06,baseline
00QS200000W8UwA,2026-10-06,baseline
00QS200000W8Uw9,2026-10-06,baseline
00QS200000W8UuX,2026-10-06,baseline
00QS200000W8Usw,2026-10-06,baseline
00QS200000W8UrJ,2026-10-06,baseline
00QS200000W8UmT,2026-10-06,baseline
00QS200000W8Uks,2026-10-06,baseline
00QS200000W8Ukr,2026-10-06,baseline
00QS200000W8UeR,2026-10-06,baseline
00QS200000W8UbB,2026-10-06,baseline
00QS200000W8UZb,2026-10-06,baseline
00QS200000W8UZZ,2026-10-06,baseline
00QS200000W8UXx,2026-10-06,baseline
00QS200000W8UWN,2026-10-06,baseline
00QS200000W8UWL,2026-10-06,baseline
00QS200000W8UUj,2026-10-06,baseline
00QS200000W8UT7,2026-10-06,baseline
00QS200000W8URW,2026-10-06,baseline
00QS200000W8URV,2026-10-06,baseline
00QS200000W8UPt,2026-10-06,baseline
00QS200000W8UOJ,2026-10-06,baseline
00QS200000W8UOH,2026-10-06,baseline
00QS200000W8UEc,2026-10-06,baseline
00QS200000W8UBO,2026-10-06,baseline
00QS200000W8U6Y,2026-10-06,baseline
00QS200000W8U4w,2026-10-06,baseline
00QS200000W8U3K,2026-10-06,baseline
00QS200000W8U05,2026-10-06,baseline
00QS200000W8TyT,2026-10-06,baseline
00QS200000W8Twr,2026-10-06,baseline
00QS200000W8TvF,2026-10-06,baseline
00QS200000W8Ttf,2026-10-06,baseline
00QS200000W8Ttd,2026-10-06,baseline
00QS200000W8Ts1,2026-10-06,baseline
00QS200000W8TqP,2026-10-06,baseline
00QS200000W8Ton,2026-10-06,baseline
00QS200000W8TlZ,2026-10-06,baseline
00QS200000W8Tjx,2026-10-06,baseline
00QS200000W8TiL,2026-10-06,baseline
00QS200000W8Tgk,2026-10-06,baseline
00QS200000W8Tgj,2026-10-06,baseline
00QS200000W8TdV,2026-10-06,baseline
00QS200000W8TaH,2026-10-06,baseline
00QS200000W8TX4,2026-10-06,baseline
00QS200000W8TOz,2026-10-06,baseline
00QS200000W8TNN,2026-10-06,baseline
00QS200000W8TLl,2026-10-06,baseline
00QS200000W8TKA,2026-10-06,baseline
00QS200000W8TFL,2026-10-06,baseline
00QS200000W8TFK,2026-10-06,baseline
00QS200000W8TC5,2026-10-06,baseline
00QS200000W8TAU,2026-10-06,baseline
00QS200000W8TAT,2026-10-06,baseline
00QS200000W8T7F,2026-10-06,baseline
00QS200000W8T2R,2026-10-06,baseline
00QS200000W8T2Q,2026-10-06,baseline
00QS200000W8T2P,2026-10-06,baseline
00QS200000W8T0n,2026-10-06,baseline
00QS200000W8SxZ,2026-10-06,baseline
00QS200000W8Sr8,2026-10-06,baseline
00QS200000W8SpX,2026-10-06,baseline
00QS200000W8SpW,2026-10-06,baseline
00QS200000W8SmH,2026-10-06,baseline
00QS200000W8Sfp,2026-10-06,baseline
00QS200000W8SeD,2026-10-06,baseline
00QS200000W8Scb,2026-10-06,baseline
00QS200000W8Saz,2026-10-06,baseline
00QS200000W8SZN,2026-10-06,baseline
00QS200000W8SW9,2026-10-06,baseline
00QS200000W8SUX,2026-10-06,baseline
00QS200000W8SRL,2026-10-06,baseline
00QS200000W8SRK,2026-10-06,baseline
00QS200000W8S7x,2026-10-06,baseline
00QS200000W8S6L,2026-10-06,baseline
00QS200000W8S4j,2026-10-06,baseline
00QS200000W8S38,2026-10-06,baseline
00QS200000W8S37,2026-10-06,baseline
00QS200000W8S1W,2026-10-06,baseline
00QS200000W8Rzt,2026-10-06,baseline
00QS200000W8RtT,2026-10-06,baseline
00QS200000W8Rrp,2026-10-06,baseline
00QS200000W8Ri9,2026-10-06,baseline
00QS200000W8RdK,2026-10-06,baseline
00QS200000W8Rbp,2026-10-06,baseline
00QS200000W8Rbl,2026-10-06,baseline
00QS200000W8Rbk,2026-10-06,baseline
00QS200000W8Rbj,2026-10-06,baseline
00QS200000W8Rbi,2026-10-06,baseline
00QS200000W8RYU,2026-10-06,baseline
00QS200000W8RWs,2026-10-06,baseline
00QS200000W8RWr,2026-10-06,baseline
00QS200000W8RVF,2026-10-06,baseline
00QS200000W8RTd,2026-10-06,baseline
00QS200000W8RS5,2026-10-06,baseline
00QS200000W8RS4,2026-10-06,baseline
00QS200000W8RQQ,2026-10-06,baseline
00QS200000W8ROq,2026-10-06,baseline
00QS200000W8ROp,2026-10-06,baseline
00QS200000W8RLb,2026-10-06,baseline
00QS200000W8RIN,2026-10-06,baseline
00QS200000W8RDV,2026-10-06,baseline
00QS200000W8R8g,2026-10-06,baseline
00QS200000W8R3q,2026-10-06,baseline
00QS200000W8R2E,2026-10-06,baseline
00QS200000W8Qqx,2026-10-06,baseline
00QS200000W8Qqv,2026-10-06,baseline
00QS200000W8Qnj,2026-10-06,baseline
00QS200000W8Qnh,2026-10-06,baseline
00QS200000W8Qm5,2026-10-06,baseline
00QS200000W8Qir,2026-10-06,baseline
00QS200000W8QPW,2026-10-06,baseline
00QS200000W8QHR,2026-10-06,baseline
00QS200000W8QFp,2026-10-06,baseline
00QS200000W8QED,2026-10-06,baseline
00QS200000W8QCb,2026-10-06,baseline
00QS200000W8QAz,2026-10-06,baseline
00QS200000W8Q9N,2026-10-06,baseline
00QS200000W8Q7l,2026-10-06,baseline
00QS200000W8Q69,2026-10-06,baseline
00QS200000W8Q4X,2026-10-06,baseline
00QS200000W8Pzh,2026-10-06,baseline
00QS200000W8PtF,2026-10-06,baseline
00QS200000W8PoP,2026-10-06,baseline
00QS200000W8PlB,2026-10-06,baseline
00QS200000W8Pjb,2026-10-06,baseline
00QS200000W8Pel,2026-10-06,baseline
00QS200000W8PV5,2026-10-06,baseline
00QS200000W8PTR,2026-10-06,baseline
00QS200000W8PRp,2026-10-06,baseline
00QS200000W8PMz,2026-10-06,baseline
00QS200000W8PLN,2026-10-06,baseline
00QS200000W8PJm,2026-10-06,baseline
00QS200000W8PJl,2026-10-06,baseline
00QS200000W8PI9,2026-10-06,baseline
00QS200000W8P22,2026-10-06,baseline
00QS200000W8P21,2026-10-06,baseline
00QS200000W8P0e,2026-10-06,baseline
00QS200000W8P0d,2026-10-06,baseline
00QS200000W8OxB,2026-10-06,baseline
00QS200000W8Ova,2026-10-06,baseline
00QS200000W8Oty,2026-10-06,baseline
00QS200000W8OsL,2026-10-06,baseline
00QS200000W8Oqj,2026-10-06,baseline
00QS200000W8Op8,2026-10-06,baseline
00QS200000W8Op7,2026-10-06,baseline
00QS200000W8OnW,2026-10-06,baseline
00QS200000W8OnV,2026-10-06,baseline
00QS200000W8Olw,2026-10-06,baseline
00QS200000W8Olt,2026-10-06,baseline
00QS200000W8OkH,2026-10-06,baseline
00QS200000W8Oif,2026-10-06,baseline
00QS200000W8OfT,2026-10-06,baseline
00QS200000W8OfS,2026-10-06,baseline
00QS200000W8OcF,2026-10-06,baseline
00QS200000W8Oac,2026-10-06,baseline
00QS200000W8OVn,2026-10-06,baseline
00QS200000W8OUA,2026-10-06,baseline
00QS200000W8OSX,2026-10-06,baseline
00QS200000W8OPK,2026-10-06,baseline
00QS200000W8ONj,2026-10-06,baseline
00QS200000W8OKT,2026-10-06,baseline
00QS200000W8OHF,2026-10-06,baseline
00QS200000W8O7Z,2026-10-06,baseline
00QS200000W8O5y,2026-10-06,baseline
00QS200000W8O5x,2026-10-06,baseline
00QS200000W8NwM,2026-10-06,baseline
00QS200000W8NwJ,2026-10-06,baseline
00QS200000W8Npq,2026-10-06,baseline
00QS200000W8NoE,2026-10-06,baseline
00QS200000W8NoD,2026-10-06,baseline
00QS200000W8Nl2,2026-10-06,baseline
00QS200000W8Nhm,2026-10-06,baseline
00QS200000W8NgB,2026-10-06,baseline
00QS200000W8NgA,2026-10-06,baseline
00QS200000W8NbO,2026-10-06,baseline
00QS200000W8NbN,2026-10-06,baseline
00QS200000W8NbL,2026-10-06,baseline
00QS200000W8NbK,2026-10-06,baseline
00QS200000W8NY9,2026-10-06,baseline
00QS200000W8NY8,2026-10-06,baseline
00QS200000W8NOQ,2026-10-06,baseline
00QS200000W8NLB,2026-10-06,baseline
00QS200000W8NGO,2026-10-06,baseline
00QS200000W8NGN,2026-10-06,baseline
00QS200000W8NGM,2026-10-06,baseline
00QS200000W8N53,2026-10-06,baseline
00QS200000W8N0F,2026-10-06,baseline
00QS200000W8MvO,2026-10-06,baseline
00QS200000W8Mow,2026-10-06,baseline
00QS200000W8Mde,2026-10-06,baseline
00QS200000W8Mdd,2026-10-06,baseline
00QS200000W8Mc1,2026-10-06,baseline
00QS200000W8MaP,2026-10-06,baseline
00QS200000W8MXC,2026-10-06,baseline
00QS200000W8MXB,2026-10-06,baseline
00QS200000W8MVZ,2026-10-06,baseline
00QS200000W8MNW,2026-10-06,baseline
00QS200000W8MLt,2026-10-06,baseline
00QS200000W8MIf,2026-10-06,baseline
00QS200000W8MH5,2026-10-06,baseline
00QS200000W8MAe,2026-10-06,baseline
00QS200000W8MAc,2026-10-06,baseline
00QS200000W8M90,2026-10-06,baseline
00QS200000W8M4E,2026-10-06,baseline
00QS200000W8M0x,2026-10-06,baseline
00QS200000W8LzK,2026-10-06,baseline
00QS200000W8Lxi,2026-10-06,baseline
00QS200000W8LuV,2026-10-06,baseline
00QS200000W8LrG,2026-10-06,baseline
00QS200000W8Lpe,2026-10-06,baseline
00QS200000W8Lfy,2026-10-06,baseline
00QS200000W8Lfx,2026-10-06,baseline
00QS200000W8LWI,2026-10-06,baseline
00QS200000W8LRR,2026-10-06,baseline
00QS200000W8LL0,2026-10-06,baseline
00QS200000W8LKz,2026-10-06,baseline
00QS200000W8LJN,2026-10-06,baseline
00QS200000W8LBJ,2026-10-06,baseline
00QS200000W8L1g,2026-10-06,baseline
00QS200000W8Kwn,2026-10-06,baseline
00QS200000W8Krx,2026-10-06,baseline
00QS200000W8KiH,2026-10-06,baseline
00QS200000W8Kgf,2026-10-06,baseline
00QS200000W8Kf3,2026-10-06,baseline
00QS200000W8KaE,2026-10-06,baseline
00QS200000W8KYc,2026-10-06,baseline
00QS200000W8KP2,2026-10-06,baseline
00QS200000W8KIT,2026-10-06,baseline
00QS200000W8KGr,2026-10-06,baseline
00QS200000W8KFF,2026-10-06,baseline
00QS200000W8KC1,2026-10-06,baseline
00QS200000W8K2N,2026-10-06,baseline
00QS200000W8K0j,2026-10-06,baseline
00QS200000W8JpT,2026-10-06,baseline
00QS200000W8Jiz,2026-10-06,baseline
00QS200000W8JhR,2026-10-06,baseline
00QS200000W8JhQ,2026-10-06,baseline
00QS200000W8JhN,2026-10-06,baseline
00QS200000W8Jfl,2026-10-06,baseline
00QS200000W8JcY,2026-10-06,baseline
00QS200000W8JW5,2026-10-06,baseline
00QS200000W8JPd,2026-10-06,baseline
00QS200000W8JKo,2026-10-06,baseline
00QS200000W8JKn,2026-10-06,baseline
00QS200000W8J7u,2026-10-06,baseline
00QS200000W8J3G,2026-10-06,baseline
00QS200000W8Iwb,2026-10-06,baseline
00QS200000W8IoX,2026-10-06,baseline
00QS200000W8Ibd,2026-10-06,baseline
00QS200000W8IYQ,2026-10-06,baseline
00QS200000W8IWp,2026-10-06,baseline
00QS200000W8IWo,2026-10-06,baseline
00QS200000W8ITa,2026-10-06,baseline
00QS200000W8IQM,2026-10-06,baseline
00QS200000W8I8b,2026-10-06,baseline
00QS200000W8Hiq,2026-10-06,baseline
00QS200000W8Hip,2026-10-06,baseline
00QS200000W8Hdy,2026-10-06,baseline
00QS200000W8HZ9,2026-10-06,baseline
00QS200000W8HFl,2026-10-06,baseline
00QS200000W8HCY,2026-10-06,baseline
00QS200000W8Gze,2026-10-06,baseline
00QS200000W8Gd4,2026-10-06,baseline
00QS200000W8GbR,2026-10-06,baseline
00QS200000W8GZp,2026-10-06,baseline
00QS200000W8GWc,2026-10-06,baseline
00QS200000W8GRm,2026-10-06,baseline
00QS200000W8GMy,2026-10-06,baseline
00QS200000W8GI5,2026-10-06,baseline
00QS200000W8Fx8,2026-10-06,baseline
00QS200000W8FXJ,2026-10-06,baseline
00QS200000W8FST,2026-10-06,baseline
00QS200000W8FAj,2026-10-06,baseline
00QS200000W8F97,2026-10-06,baseline
00QS200000W8F5t,2026-10-06,baseline
00QS200000W8F14,2026-10-06,baseline
00QS200000W8EwD,2026-10-06,baseline
00QS200000W8ErN,2026-10-06,baseline
00QS200000W8Ehi,2026-10-06,baseline
00QS200000W8Ehh,2026-10-06,baseline
00QS200000W8ETB,2026-10-06,baseline
00QS200000W8EPx,2026-10-06,baseline
00QS200000W8E50,2026-10-06,baseline
00QS200000W8E4z,2026-10-06,baseline
00QS200000W8E3N,2026-10-06,baseline
00QS200000W8E09,2026-10-06,baseline
00QS200000W8Dwv,2026-10-06,baseline
00QS200000W8DvJ,2026-10-06,baseline
00QS200000W8Dtj,2026-10-06,baseline
00QS200000W8Dor,2026-10-06,baseline
00QS200000W8DnG,2026-10-06,baseline
00QS200000W8Dgo,2026-10-06,baseline
00QS200000W8DfC,2026-10-06,baseline
00QS200000W8DVV,2026-10-06,baseline
00QS200000W8DQf,2026-10-06,baseline
00QS200000W8DP3,2026-10-06,baseline
00QS200000W8DNS,2026-10-06,baseline
00QS200000W8DLp,2026-10-06,baseline
00QS200000W8DGz,2026-10-06,baseline
00QS200000W8DFP,2026-10-06,baseline
00QS200000W8DFO,2026-10-06,baseline
00QS200000W8DDl,2026-10-06,baseline
00QS200000W8DAZ,2026-10-06,baseline
00QS200000W8D2T,2026-10-06,baseline
00QS200000W8Cxd,2026-10-06,baseline
00QS200000W8Cw1,2026-10-06,baseline
00QS200000W8CrE,2026-10-06,baseline
00QS200000W8CrB,2026-10-06,baseline
00QS200000W8Cj9,2026-10-06,baseline
00QS200000W8Ccg,2026-10-06,baseline
00QS200000W8CXp,2026-10-06,baseline
00QS200000W8CET,2026-10-06,baseline
00QS200000W8C6Q,2026-10-06,baseline
00QS200000W8C1Z,2026-10-06,baseline
00QS200000W8Bzx,2026-10-06,baseline
00QS200000W8ByM,2026-10-06,baseline
00QS200000W8BtV,2026-10-06,baseline
00QS200000W8Brv,2026-10-06,baseline
00QS200000W8Brt,2026-10-06,baseline
00QS200000W8Bjq,2026-10-06,baseline
00QS200000W8Bgb,2026-10-06,baseline
00QS200000W8BdP,2026-10-06,baseline
00QS200000W8BdN,2026-10-06,baseline
00QS200000W8Bbl,2026-10-06,baseline
00QS200000W8Ba9,2026-10-06,baseline
00QS200000W8BYX,2026-10-06,baseline
00QS200000W8BTh,2026-10-06,baseline
00QS200000W8BS6,2026-10-06,baseline
00QS200000W8BQT,2026-10-06,baseline
00QS200000W8BOr,2026-10-06,baseline
00QS200000W8BNF,2026-10-06,baseline
00QS200000W8BK2,2026-10-06,baseline
00QS200000W8BIQ,2026-10-06,baseline
00QS200000W8BIP,2026-10-06,baseline
00QS200000W8BFD,2026-10-06,baseline
00QS200000W8B3v,2026-10-06,baseline
00QS200000W8B3t,2026-10-06,baseline
00QS200000W8B0i,2026-10-06,baseline
00QS200000W8AxR,2026-10-06,baseline
00QS200000W8Avp,2026-10-06,baseline
00QS200000W8Aqz,2026-10-06,baseline
00QS200000W8ApN,2026-10-06,baseline
00QS200000W8AhL,2026-10-06,baseline
00QS200000W8Ae5,2026-10-06,baseline
00QS200000W8AcU,2026-10-06,baseline
00QS200000W8Aar,2026-10-06,baseline
00QS200000W8AW1,2026-10-06,baseline
00QS200000W8ARB,2026-10-06,baseline
00QS200000W8AML,2026-10-06,baseline
00QS200000W8AKj,2026-10-06,baseline
00QS200000W8AJ8,2026-10-06,baseline
00QS200000W8AHV,2026-10-06,baseline
00QS200000W8AEI,2026-10-06,baseline
00QS200000W8ACf,2026-10-06,baseline
00QS200000W8A1N,2026-10-06,baseline
00QS200000W89uw,2026-10-06,baseline
00QS200000W89tJ,2026-10-06,baseline
00QS200000W89gP,2026-10-06,baseline
00QS200000W89dB,2026-10-06,baseline
00QS200000W89Zx,2026-10-06,baseline
00QS200000W89Rt,2026-10-06,baseline
00QS200000W89QH,2026-10-06,baseline
00QS200000W89IG,2026-10-06,baseline
00QS200000W89IF,2026-10-06,baseline
00QS200000W898X,2026-10-06,baseline
00QS200000W890T,2026-10-06,baseline
00QS200000W88vd,2026-10-06,baseline
00QS200000W88u1,2026-10-06,baseline
00QS200000W88qo,2026-10-06,baseline
00QS200000W88pB,2026-10-06,baseline
00QS200000W88na,2026-10-06,baseline
00QS200000W88lx,2026-10-06,baseline
00QS200000W88cI,2026-10-06,baseline
00QS200000W88Z3,2026-10-06,baseline
00QS200000W88R4,2026-10-06,baseline
00QS200000W88R2,2026-10-06,baseline
00QS200000W88R1,2026-10-06,baseline
00QS200000W88PO,2026-10-06,baseline
00QS200000W88KX,2026-10-06,baseline
00QS200000W88Iv,2026-10-06,baseline
00QS200000W88HJ,2026-10-06,baseline
00QS200000W87xx,2026-10-06,baseline
00QS200000W87pt,2026-10-06,baseline
00QS200000W87hp,2026-10-06,baseline
00QS200000W87gE,2026-10-06,baseline
00QS200000W87bO,2026-10-06,baseline
00QS200000W87bN,2026-10-06,baseline
00QS200000W87Zl,2026-10-06,baseline
00QS200000W87Y9,2026-10-06,baseline
00QS200000W87WX,2026-10-06,baseline
00QS200000W87Ri,2026-10-06,baseline
00QS200000W87Rh,2026-10-06,baseline
00QS200000W87Q5,2026-10-06,baseline
00QS200000W87LF,2026-10-06,baseline
00QS200000W87Jd,2026-10-06,baseline
00QS200000W87En,2026-10-06,baseline
00QS200000W87BZ,2026-10-06,baseline
00QS200000W879x,2026-10-06,baseline
00QS200000W878L,2026-10-06,baseline
00QS200000W876k,2026-10-06,baseline
00QS200000W86yh,2026-10-06,baseline
00QS200000W86yg,2026-10-06,baseline
00QS200000W86x3,2026-10-06,baseline
00QS200000W86qb,2026-10-06,baseline
00QS200000W86k9,2026-10-06,baseline
00QS200000W86fK,2026-10-06,baseline
00QS200000W86fJ,2026-10-06,baseline
00QS200000W86aU,2026-10-06,baseline
00QS200000W86Yr,2026-10-06,baseline
00QS200000W86XF,2026-10-06,baseline
00QS200000W86Vd,2026-10-06,baseline
00QS200000W86U1,2026-10-06,baseline
00QS200000W86Qn,2026-10-06,baseline
00QS200000W86PB,2026-10-06,baseline
00QS200000W86NZ,2026-10-06,baseline
00QS200000W86Lx,2026-10-06,baseline
00QS200000W86FV,2026-10-06,baseline
00QS200000W86CJ,2026-10-06,baseline
00QS200000W86CI,2026-10-06,baseline
00QS200000W86CH,2026-10-06,baseline
00QS200000W86Ag,2026-10-06,baseline
00QS200000W86Af,2026-10-06,baseline
00QS200000W8693,2026-10-06,baseline
00QS200000W867R,2026-10-06,baseline
00QS200000W865p,2026-10-06,baseline
00QS200000W864D,2026-10-06,baseline
00QS200000W862c,2026-10-06,baseline
00QS200000W85zN,2026-10-06,baseline
00QS200000W85xl,2026-10-06,baseline
00QS200000W85w9,2026-10-06,baseline
00QS200000W85uY,2026-10-06,baseline
00QS200000W85uX,2026-10-06,baseline
00QS200000W85rJ,2026-10-06,baseline
00QS200000W85pi,2026-10-06,baseline
00QS200000W85ph,2026-10-06,baseline
00QS200000W85o5,2026-10-06,baseline
00QS200000W85mT,2026-10-06,baseline
00QS200000W85kr,2026-10-06,baseline
00QS200000W85jF,2026-10-06,baseline
00QS200000W85he,2026-10-06,baseline
00QS200000W85eP,2026-10-06,baseline
00QS200000W85OI,2026-10-06,baseline
00QS200000W85Hq,2026-10-06,baseline
00QS200000W85Hp,2026-10-06,baseline
00QS200000W85GG,2026-10-06,baseline
00QS200000W85GD,2026-10-06,baseline
00QS200000W85Cz,2026-10-06,baseline
00QS200000W85BN,2026-10-06,baseline
00QS200000W8589,2026-10-06,baseline
00QS200000W853L,2026-10-06,baseline
00QS200000W84vG,2026-10-06,baseline
00QS200000W84vF,2026-10-06,baseline
00QS200000W84qQ,2026-10-06,baseline
00QS200000W84la,2026-10-06,baseline
00QS200000W84jy,2026-10-06,baseline
00QS200000W84iL,2026-10-06,baseline
00QS200000W84f7,2026-10-06,baseline
00QS200000W84Yf,2026-10-06,baseline
00QS200000W84X3,2026-10-06,baseline
00QS200000W84SF,2026-10-06,baseline
00QS200000W84SE,2026-10-06,baseline
00QS200000W84Qb,2026-10-06,baseline
00QS200000W84IX,2026-10-06,baseline
00QS200000W84Dh,2026-10-06,baseline
00QS200000W848r,2026-10-06,baseline
00QS200000W847F,2026-10-06,baseline
00QS200000W8441,2026-10-06,baseline
00QS200000W83xZ,2026-10-06,baseline
00QS200000W83uM,2026-10-06,baseline
00QS200000W83kg,2026-10-06,baseline
00QS200000W83j5,2026-10-06,baseline
00QS200000W83fp,2026-10-06,baseline
00QS200000W83cd,2026-10-06,baseline
00QS200000W83cb,2026-10-06,baseline
00QS200000W83Xl,2026-10-06,baseline
00QS200000W83W9,2026-10-06,baseline
00QS200000W83MU,2026-10-06,baseline
00QS200000W83JL,2026-10-06,baseline
00QS200000W83G1,2026-10-06,baseline
00QS200000W83BB,2026-10-06,baseline
00QS200000W837y,2026-10-06,baseline
00QS200000W831V,2026-10-06,baseline
00QS200000W82zt,2026-10-06,baseline
00QS200000W82yH,2026-10-06,baseline
00QS200000W82wf,2026-10-06,baseline
00QS200000W82v4,2026-10-06,baseline
00QS200000W82v3,2026-10-06,baseline
00QS200000W82tR,2026-10-06,baseline
00QS200000W82rp,2026-10-06,baseline
00QS200000W82qD,2026-10-06,baseline
00QS200000W82mz,2026-10-06,baseline
00QS200000W82lN,2026-10-06,baseline
00QS200000W82jm,2026-10-06,baseline
00QS200000W82i9,2026-10-06,baseline
00QS200000W82gX,2026-10-06,baseline
00QS200000W82ev,2026-10-06,baseline
00QS200000W82dJ,2026-10-06,baseline
00QS200000W82bh,2026-10-06,baseline
00QS200000W82a6,2026-10-06,baseline
00QS200000W82a5,2026-10-06,baseline
00QS200000W82Wr,2026-10-06,baseline
00QS200000W82VF,2026-10-06,baseline
00QS200000W82S1,2026-10-06,baseline
00QS200000W82QP,2026-10-06,baseline
00QS200000W82NB,2026-10-06,baseline
00QS200000W82LZ,2026-10-06,baseline
00QS200000W82Jx,2026-10-06,baseline
00QS200000W82IM,2026-10-06,baseline
00QS200000W82DV,2026-10-06,baseline
00QS200000W82Bt,2026-10-06,baseline
00QS200000W828g,2026-10-06,baseline
00QS200000W8273,2026-10-06,baseline
00QS200000W823p,2026-10-06,baseline
00QS200000W822D,2026-10-06,baseline
00QS200000W81vl,2026-10-06,baseline
00QS200000W81sX,2026-10-06,baseline
00QS200000W81qv,2026-10-06,baseline
00QS200000W81pJ,2026-10-06,baseline
00QS200000W81nh,2026-10-06,baseline
00QS200000W81m6,2026-10-06,baseline
00QS200000W81m5,2026-10-06,baseline
00QS200000W81is,2026-10-06,baseline
00QS200000W81ir,2026-10-06,baseline
00QS200000W81hH,2026-10-06,baseline
00QS200000W81hG,2026-10-06,baseline
00QS200000W81hF,2026-10-06,baseline
00QS200000W81fe,2026-10-06,baseline
00QS200000W81fd,2026-10-06,baseline
00QS200000W81e1,2026-10-06,baseline
00QS200000W81an,2026-10-06,baseline
00QS200000W81ZB,2026-10-06,baseline
00QS200000W81Xa,2026-10-06,baseline
00QS200000W81XZ,2026-10-06,baseline
00QS200000W81Vy,2026-10-06,baseline
00QS200000W81Sk,2026-10-06,baseline
00QS200000W81Sj,2026-10-06,baseline
00QS200000W81R7,2026-10-06,baseline
00QS200000W81PV,2026-10-06,baseline
00QS200000W81Nt,2026-10-06,baseline
00QS200000W81MH,2026-10-06,baseline
00QS200000W81Kg,2026-10-06,baseline
00QS200000W81J3,2026-10-06,baseline
00QS200000W81HT,2026-10-06,baseline
00QS200000W81HR,2026-10-06,baseline
00QS200000W81Fp,2026-10-06,baseline
00QS200000W81ED,2026-10-06,baseline
00QS200000W81Cb,2026-10-06,baseline
00QS200000W81Az,2026-10-06,baseline
00QS200000W819N,2026-10-06,baseline
00QS200000W817l,2026-10-06,baseline
00QS200000W8169,2026-10-06,baseline
00QS200000W814Y,2026-10-06,baseline
00QS200000W814X,2026-10-06,baseline
00QS200000W812w,2026-10-06,baseline
00QS200000W812v,2026-10-06,baseline
00QS200000W811K,2026-10-06,baseline
00QS200000W80y6,2026-10-06,baseline
00QS200000W80y5,2026-10-06,baseline
00QS200000W80tG,2026-10-06,baseline
00QS200000W80rd,2026-10-06,baseline
00QS200000W80ja,2026-10-06,baseline
00QS200000W80Zv,2026-10-06,baseline
00QS200000W80Zt,2026-10-06,baseline
00QS200000W80YI,2026-10-06,baseline
00QS200000W80Wh,2026-10-06,baseline
00QS200000W80TS,2026-10-06,baseline
00QS200000W80TR,2026-10-06,baseline
00QS200000W80Rr,2026-10-06,baseline
00QS200000W80Mz,2026-10-06,baseline
00QS200000W80LN,2026-10-06,baseline
00QS200000W80Gb,2026-10-06,baseline
00QS200000W80Ga,2026-10-06,baseline
00QS200000W80GZ,2026-10-06,baseline
00QS200000W80GY,2026-10-06,baseline
00QS200000W80GX,2026-10-06,baseline
00QS200000W80Ex,2026-10-06,baseline
00QS200000W80Ew,2026-10-06,baseline
00QS200000W80DJ,2026-10-06,baseline
00QS200000W80A6,2026-10-06,baseline
00QS200000W80A5,2026-10-06,baseline
00QS200000W8021,2026-10-06,baseline
00QS200000W800P,2026-10-06,baseline
00QS200000W7zyo,2026-10-06,baseline
00QS200000W7zyn,2026-10-06,baseline
00QS200000W7zxC,2026-10-06,baseline
00QS200000W7zsL,2026-10-06,baseline
00QS200000W7zpA,2026-10-06,baseline
00QS200000W7zp7,2026-10-06,baseline
00QS200000W7znW,2026-10-06,baseline
00QS200000W7zkI,2026-10-06,baseline
00QS200000W7zig,2026-10-06,baseline
00QS200000W7zh3,2026-10-06,baseline
00QS200000W7zdp,2026-10-06,baseline
00QS200000W7zcD,2026-10-06,baseline
00QS200000W7zab,2026-10-06,baseline
00QS200000W7zXO,2026-10-06,baseline
00QS200000W7zVm,2026-10-06,baseline
00QS200000W7zVl,2026-10-06,baseline
00QS200000W7zUA,2026-10-06,baseline
00QS200000W7zU9,2026-10-06,baseline
00QS200000W7zSX,2026-10-06,baseline
00QS200000W7zNj,2026-10-06,baseline
00QS200000W7zNi,2026-10-06,baseline
00QS200000W7zM6,2026-10-06,baseline
00QS200000W7zKT,2026-10-06,baseline
00QS200000W7zIs,2026-10-06,baseline
00QS200000W7zHG,2026-10-06,baseline
00QS200000W7zFd,2026-10-06,baseline
00QS200000W7zE1,2026-10-06,baseline
00QS200000W7z9B,2026-10-06,baseline
00QS200000W7z5x,2026-10-06,baseline
00QS200000W7yzW,2026-10-06,baseline
00QS200000W7ywH,2026-10-06,baseline
00QS200000W7yuf,2026-10-06,baseline
00QS200000W7yt3,2026-10-06,baseline
00QS200000W7ypp,2026-10-06,baseline
00QS200000W7yoE,2026-10-06,baseline
00QS200000W7yoD,2026-10-06,baseline
00QS200000W7yjN,2026-10-06,baseline
00QS200000W7yho,2026-10-06,baseline
00QS200000W7yhn,2026-10-06,baseline
00QS200000W7ygB,2026-10-06,baseline
00QS200000W7ycx,2026-10-06,baseline
00QS200000W7yTF,2026-10-06,baseline
00QS200000W7yRe,2026-10-06,baseline
00QS200000W7yQ1,2026-10-06,baseline
00QS200000W7yOP,2026-10-06,baseline
00QS200000W7yMo,2026-10-06,baseline
00QS200000W7yMn,2026-10-06,baseline
00QS200000W7yHz,2026-10-06,baseline
00QS200000W7yGN,2026-10-06,baseline
00QS200000W7yGM,2026-10-06,baseline
00QS200000W7yBX,2026-10-06,baseline
00QS200000W7yBW,2026-10-06,baseline
00QS200000W7y8H,2026-10-06,baseline
00QS200000W7y6g,2026-10-06,baseline
00QS200000W7y3T,2026-10-06,baseline
00QS200000W7y1r,2026-10-06,baseline
00QS200000W7y1q,2026-10-06,baseline
00QS200000W7xvO,2026-10-06,baseline
00QS200000W7xvN,2026-10-06,baseline
00QS200000W7xqa,2026-10-06,baseline
00QS200000W7xow,2026-10-06,baseline
00QS200000W7xov,2026-10-06,baseline
00QS200000W7xk7,2026-10-06,baseline
00QS200000W7xk6,2026-10-06,baseline
00QS200000W7xfG,2026-10-06,baseline
00QS200000W7xXD,2026-10-06,baseline
00QS200000W7xP9,2026-10-06,baseline
00QS200000W7xP7,2026-10-06,baseline
00QS200000W7xIh,2026-10-06,baseline
00QS200000W7xH3,2026-10-06,baseline
00QS200000W7x2a,2026-10-06,baseline
00QS200000W7wxk,2026-10-06,baseline
00QS200000W7ww7,2026-10-06,baseline
00QS200000W7wuU,2026-10-06,baseline
00QS200000W7wuT,2026-10-06,baseline
00QS200000W7wrG,2026-10-06,baseline
00QS200000W7wjD,2026-10-06,baseline
00QS200000W7weM,2026-10-06,baseline
00QS200000W7wb7,2026-10-06,baseline
00QS200000W7wXy,2026-10-06,baseline
00QS200000W7wXx,2026-10-06,baseline
00QS200000W7wXw,2026-10-06,baseline
00QS200000W7wUf,2026-10-06,baseline
00QS200000W7wT3,2026-10-06,baseline
00QS200000W7wMf,2026-10-06,baseline
00QS200000W7wMe,2026-10-06,baseline
00QS200000W7wMb,2026-10-06,baseline
00QS200000W7wJQ,2026-10-06,baseline
00QS200000W7wJP,2026-10-06,baseline
00QS200000W7wCv,2026-10-06,baseline
00QS200000W7w6U,2026-10-06,baseline
00QS200000W7w1d,2026-10-06,baseline
00QS200000W7vwn,2026-10-06,baseline
00QS200000W7vvE,2026-10-06,baseline
00QS200000W7vtZ,2026-10-06,baseline
00QS200000W7vrz,2026-10-06,baseline
00QS200000W7vn8,2026-10-06,baseline
00QS200000W7vf5,2026-10-06,baseline
00QS200000W7vOv,2026-10-06,baseline
00QS200000W7v2L,2026-10-06,baseline
00QS200000W7uj3,2026-10-06,baseline
00QS200000W7uj1,2026-10-06,baseline
00QS200000W7uXh,2026-10-06,baseline
00QS200000W7uPd,2026-10-06,baseline
00QS200000W7uHb,2026-10-06,baseline
00QS200000W7tlL,2026-10-06,baseline
00QS200000W7tgT,2026-10-06,baseline
00QS200000W7tN7,2026-10-06,baseline
00QS200000W7tDS,2026-10-06,baseline
00QS200000W7t8b,2026-10-06,baseline
00QS200000W7syv,2026-10-06,baseline
00QS200000W7spH,2026-10-06,baseline
00QS200000W7rwP,2026-10-06,baseline
00QS200000W7run,2026-10-06,baseline
00QS200000W7rtC,2026-10-06,baseline
00QS200000W7rLK,2026-10-06,baseline
00QS200000W7rI5,2026-10-06,baseline
00QS200000W7qlu,2026-10-06,baseline
00QS200000W7qh0,2026-10-06,baseline
00QS200000W7qNd,2026-10-06,baseline
00QS200000W7q97,2026-10-06,baseline
00QS200000W7peT,2026-10-06,baseline
00QS200000W7pUn,2026-10-06,baseline
00QS200000W7pPx,2026-10-06,baseline
00QS200000W7oqU,2026-10-06,baseline
00QS200000W7oos,2026-10-06,baseline
00QS200000W7oVV,2026-10-06,baseline
00QS200000W7oFN,2026-10-06,baseline
00QS200000W7o7L,2026-10-06,baseline
00QS200000W7o5h,2026-10-06,baseline
00QS200000W7nuP,2026-10-06,baseline
00QS200000W7nsn,2026-10-06,baseline
00QS200000W7nkj,2026-10-06,baseline
00QS200000W7nft,2026-10-06,baseline
00QS200000W7nRN,2026-10-06,baseline
00QS200000W7myL,2026-10-06,baseline
00QS200000W7mtV,2026-10-06,baseline
00QS200000W7mn3,2026-10-06,baseline
00QS200000W7mjp,2026-10-06,baseline
00QS200000W7mS5,2026-10-06,baseline
00QS200000W7mDZ,2026-10-06,baseline
00QS200000W7m3v,2026-10-06,baseline
00QS200000W7lvp,2026-10-06,baseline
00QS200000W7lpN,2026-10-06,baseline
00QS200000W7le5,2026-10-06,baseline
00QS200000W7lSn,2026-10-06,baseline
00QS200000W7lRB,2026-10-06,baseline
00QS200000W7lPZ,2026-10-06,baseline
00QS200000W7lKj,2026-10-06,baseline
00QS200000W7l9S,2026-10-06,baseline
00QS200000W7kje,2026-10-06,baseline
00QS200000W7kQI,2026-10-06,baseline
00QS200000W7jIw,2026-10-06,baseline
00QS200000W7jE6,2026-10-06,baseline
00QS200000W7iJe,2026-10-06,baseline
00QS200000W7hnO,2026-10-06,baseline
00QS200000W7gsy,2026-10-06,baseline
00QS200000W7gjH,2026-10-06,baseline
00QS200000W7gjG,2026-10-06,baseline
00QS200000WFzDd,2026-10-07,update
00QS200000WFz8n,2026-10-07,update
00QS200000WFz5Z,2026-10-07,update
00QS200000WFyvt,2026-10-07,update
00QS200000WFyfl,2026-10-07,update
00QS200000WFycX,2026-10-07,update
00QS200000WFyPe,2026-10-07,update
00QS200000WFyKn,2026-10-07,update
00QS200000WFyHZ,2026-10-07,update
00QS200000WFxyD,2026-10-07,update
00QS200000WFxrl,2026-10-07,update
00QS200000WFxqA,2026-10-07,update
00QS200000WFxoX,2026-10-07,update
00QS200000WFxdF,2026-10-07,update
00QS200000WFxVB,2026-10-07,update
00QS200000WFxTZ,2026-10-07,update
00QS200000WFxRx,2026-10-07,update
00QS200000WFxBp,2026-10-07,update
00QS200000WFx0Y,2026-10-07,update
00QS200000WFwu5,2026-10-07,update
00QS200000WFwsT,2026-10-07,update
00QS200000WFwnd,2026-10-07,update
00QS200000WFwkP,2026-10-07,update
00QS200000WFwaj,2026-10-07,update
00QS200000WFwZ7,2026-10-07,update
00QS200000WFwUH,2026-10-07,update
00QS200000WFwSf,2026-10-07,update
00QS200000WFwR3,2026-10-07,update
00QS200000WFwPS,2026-10-07,update
00QS200000WFwNp,2026-10-07,update
00QS200000WFwIz,2026-10-07,update
00QS200000WFwAv,2026-10-07,update
00QS200000WFw7i,2026-10-07,update
00QS200000WFw65,2026-10-07,update
00QS200000WFw2r,2026-10-07,update
00QS200000WFw1F,2026-10-07,update
00QS200000WFvpy,2026-10-07,update
00QS200000WFvmj,2026-10-07,update
00QS200000WFveg,2026-10-07,update
00QS200000WFvWb,2026-10-07,update
00QS200000WFvRl,2026-10-07,update
00QS200000WFvQA,2026-10-07,update
00QS200000WFvQ9,2026-10-07,update
00QS200000WFvOY,2026-10-07,update
00QS200000WFvMw,2026-10-07,update
00QS200000WFvLK,2026-10-07,update
00QS200000WFvA1,2026-10-07,update
00QS200000WFutu,2026-10-07,update
00QS200000WFunS,2026-10-07,update
00QS200000WFunR,2026-10-07,update
00QS200000WFulp,2026-10-07,update
00QS200000WFukF,2026-10-07,update
00QS200000WFuh0,2026-10-07,update
00QS200000WFufO,2026-10-07,update
00QS200000WFuQr,2026-10-07,update
00QS200000WFuIn,2026-10-07,update
00QS200000WFuHB,2026-10-07,update
00QS200000WFuDx,2026-10-07,update
00QS200000WFuCL,2026-10-07,update
00QS200000WFtkw,2026-10-07,update
00QS200000WFtkv,2026-10-07,update
00QS200000WFtY1,2026-10-07,update
00QS200000WFtRZ,2026-10-07,update
00QS200000WFtMl,2026-10-07,update
00QS200000WFtMk,2026-10-07,update
00QS200000WFtMj,2026-10-07,update
00QS200000WFtHu,2026-10-07,update
00QS200000WFtEf,2026-10-07,update
00QS200000WFtBS,2026-10-07,update
00QS200000WFtBR,2026-10-07,update
00QS200000WFt4z,2026-10-07,update
00QS200000WFt1l,2026-10-07,update
00QS200000WFswv,2026-10-07,update
00QS200000WFsGz,2026-10-07,update
00QS200000WFsFN,2026-10-07,update
00QS200000WFsDl,2026-10-07,update
00QS200000WFsC9,2026-10-07,update
00QS200000WFs45,2026-10-07,update
00QS200000WFs2T,2026-10-07,update
00QS200000WFs0r,2026-10-07,update
00QS200000WFrzF,2026-10-07,update
00QS200000WFrxd,2026-10-07,update
00QS200000WFrw1,2026-10-07,update
00QS200000WFrsn,2026-10-07,update
00QS200000WFrmM,2026-10-07,update
00QS200000WFrkj,2026-10-07,update
00QS200000WFrj8,2026-10-07,update
00QS200000WFrj7,2026-10-07,update
00QS200000WFrft,2026-10-07,update
00QS200000WFreH,2026-10-07,update
00QS200000WFrcf,2026-10-07,update
00QS200000WFrb3,2026-10-07,update
00QS200000WFrZR,2026-10-07,update
00QS200000WFrXp,2026-10-07,update
00QS200000WFrT0,2026-10-07,update
00QS200000WFrMX,2026-10-07,update
00QS200000WFrKw,2026-10-07,update
00QS200000WFrKv,2026-10-07,update
00QS200000WFrJJ,2026-10-07,update
00QS200000WFrHj,2026-10-07,update
00QS200000WFrHi,2026-10-07,update
00QS200000WFrHh,2026-10-07,update
00QS200000WFrG5,2026-10-07,update
00QS200000WFrET,2026-10-07,update
00QS200000WFrCr,2026-10-07,update
00QS200000WFrBF,2026-10-07,update
00QS200000WFr9d,2026-10-07,update
00QS200000WFr85,2026-10-07,update
00QS200000WFr82,2026-10-07,update
00QS200000WFr6P,2026-10-07,update
00QS200000WFqwk,2026-10-07,update
00QS200000WFqv7,2026-10-07,update
00QS200000WFqtV,2026-10-07,update
00QS200000WFqrt,2026-10-07,update
00QS200000WFqqH,2026-10-07,update
00QS200000WFqof,2026-10-07,update
00QS200000WFqn3,2026-10-07,update
00QS200000WFqlS,2026-10-07,update
00QS200000WFqgc,2026-10-07,update
00QS200000WFqf0,2026-10-07,update
00QS200000WFqdN,2026-10-07,update
00QS200000WFqbl,2026-10-07,update
00QS200000WFqa9,2026-10-07,update
00QS200000WFqYX,2026-10-07,update
00QS200000WFqQT,2026-10-07,update
00QS200000WFqLd,2026-10-07,update
00QS200000WFqK1,2026-10-07,update
00QS200000WFqIP,2026-10-07,update
00QS200000WFqGn,2026-10-07,update
00QS200000WFqBy,2026-10-07,update
00QS200000WFpvq,2026-10-07,update
00QS200000WFppS,2026-10-07,update
00QS200000WFppO,2026-10-07,update
00QS200000WFpkX,2026-10-07,update
00QS200000WFpiw,2026-10-07,update
00QS200000WFpZG,2026-10-07,update
00QS200000WFpHW,2026-10-07,update
00QS200000WFpB4,2026-10-07,update
00QS200000WFp1O,2026-10-07,update
00QS200000WFowX,2026-10-07,update
00QS200000WFori,2026-10-07,update
00QS200000WFoRv,2026-10-07,update
00QS200000WFoN3,2026-10-07,update
00QS200000WFoGb,2026-10-07,update
00QS200000WFnys,2026-10-07,update
00QS200000WFnpB,2026-10-07,update
00QS200000WFnVp,2026-10-07,update
00QS200000WFnAr,2026-10-07,update
00QS200000WFn9I,2026-10-07,update
00QS200000WFn63,2026-10-07,update
00QS200000WFn62,2026-10-07,update
00QS200000WFmwM,2026-10-07,update
00QS200000WFmoJ,2026-10-07,update
00QS200000WFml6,2026-10-07,update
00QS200000WFmhq,2026-10-07,update
00QS200000WFmhp,2026-10-07,update
00QS200000WFmcz,2026-10-07,update
00QS200000WFmZo,2026-10-07,update
00QS200000WFmY9,2026-10-07,update
00QS200000WFmOb,2026-10-07,update
00QS200000WFmMs,2026-10-07,update
00QS200000WFmLI,2026-10-07,update
00QS200000WFmGP,2026-10-07,update
00QS200000WFm6j,2026-10-07,update
00QS200000WFlia,2026-10-07,update
00QS200000WFlXK,2026-10-07,update
00QS200000WFlXF,2026-10-07,update
00QS200000WFlFV,2026-10-07,update
00QS200000WFl4D,2026-10-07,update
00QS200000WFkzP,2026-10-07,update
00QS200000WFkuY,2026-10-07,update
00QS200000WFkcq,2026-10-07,update
00QS200000WFkUn,2026-10-07,update
00QS200000WFkMh,2026-10-07,update
00QS200000WFkJR,2026-10-07,update
00QS200000WFk6e,2026-10-07,update
00QS200000WFk6d,2026-10-07,update
00QS200000WFk6b,2026-10-07,update
00QS200000WFjSD,2026-10-07,update
00QS200000WFjK9,2026-10-07,update
00QS200000WFiuM,2026-10-07,update
00QS200000WFint,2026-10-07,update
00QS200000WFieF,2026-10-07,update
00QS200000WFhTd,2026-10-07,update
00QS200000WFhNC,2026-10-07,update
00QS200000WFgni,2026-10-07,update
00QS200000WFg6B,2026-10-07,update
00QS200000WFfy5,2026-10-07,update
00QS200000WFfOc,2026-10-07,update
00QS200000WFfOb,2026-10-07,update
00QS200000WFfBj,2026-10-07,update
00QS200000WFf5F,2026-10-07,update
00QS200000WFeab,2026-10-07,update
00QS200000WFeU9,2026-10-07,update
00QS200000WFeCS,2026-10-07,update
00QS200000WFe17,2026-10-07,update
00QS200000WFdhl,2026-10-07,update
00QS200000WFdUr,2026-10-07,update
00QS200000WFd9u,2026-10-07,update
00QS200000WFd6f,2026-10-07,update
00QS200000WFcwz,2026-10-07,update
00QS200000WFbHn,2026-10-07,update
00QS200000WFY8f,2026-10-07,update
00QS200000WFXME,2026-10-07,update
00QS200000WFWYD,2026-10-07,update
00QS200000WFWQ9,2026-10-07,update
00QS200000WFVdl,2026-10-07,update
00QS200000WFVYv,2026-10-07,update
00QS200000WFVQr,2026-10-07,update
00QS200000WFVIn,2026-10-07,update
00QS200000WFVDy,2026-10-07,update
00QS200000WFVAj,2026-10-07,update
00QS200000WFUxq,2026-10-07,update
00QS200000WFUo9,2026-10-07,update
00QS200000WFUkv,2026-10-07,update
00QS200000WFUL7,2026-10-07,update
00QS200000WFUJV,2026-10-07,update
00QS200000WFU8D,2026-10-07,update
00QS200000WFTle,2026-10-07,update
00QS200000WFTaL,2026-10-07,update
00QS200000WFTX7,2026-10-07,update
00QS200000WFTVV,2026-10-07,update
00QS200000WFSPn,2026-10-07,update
00QS200000WFSO9,2026-10-07,update
00QS200000WFSCr,2026-10-07,update
00QS200000WFS9f,2026-10-07,update
00QS200000WFRv7,2026-10-07,update
00QS200000WFRtV,2026-10-07,update
00QS200000WFRn3,2026-10-07,update
00QS200000WFRa9,2026-10-07,update
00QS200000WFRWv,2026-10-07,update
00QS200000WFRTi,2026-10-07,update
00QS200000WFRBx,2026-10-07,update
00QS200000WFRAL,2026-10-07,update
00QS200000WFQuE,2026-10-07,update
00QS200000WFQsb,2026-10-07,update
00QS200000WFQm9,2026-10-07,update
00QS200000WFQiv,2026-10-07,update
00QS200000WFQXd,2026-10-07,update
00QS200000WFQW2,2026-10-07,update
00QS200000WFQUP,2026-10-07,update
00QS200000WFQRB,2026-10-07,update
00QS200000WFQEH,2026-10-07,update
00QS200000WFPmr,2026-10-07,update
00QS200000WFPYM,2026-10-07,update
00QS200000WFPTW,2026-10-07,update
00QS200000WFPN3,2026-10-07,update
00QS200000WFPGb,2026-10-07,update
00QS200000WFP8X,2026-10-07,update
00QS200000WFP6v,2026-10-07,update
00QS200000WFOve,2026-10-07,update
00QS200000WFOlx,2026-10-07,update
00QS200000WFOik,2026-10-07,update
00QS200000WFOUE,2026-10-07,update
00QS200000WFOSb,2026-10-07,update
00QS200000WFOPN,2026-10-07,update
00QS200000WFONl,2026-10-07,update
00QS200000WFOKX,2026-10-07,update
00QS200000WFO61,2026-10-07,update
00QS200000WFO1C,2026-10-07,update
00QS200000WFNuk,2026-10-07,update
00QS200000WFNgD,2026-10-07,update
00QS200000WFNd0,2026-10-07,update
00QS200000WFNYA,2026-10-07,update
00QS200000WFNY9,2026-10-07,update
00QS200000WFNTK,2026-10-07,update
00QS200000WFNOT,2026-10-07,update
00QS200000WFNI1,2026-10-07,update
00QS200000WFN9x,2026-10-07,update
00QS200000WFMx3,2026-10-07,update
00QS200000WFMsD,2026-10-07,update
00QS200000WFMqb,2026-10-07,update
00QS200000WFMll,2026-10-07,update
00QS200000WFMdi,2026-10-07,update
00QS200000WFMaT,2026-10-07,update
00QS200000WFMYr,2026-10-07,update
00QS200000WFMXF,2026-10-07,update
00QS200000WFMSP,2026-10-07,update
00QS200000WFMDt,2026-10-07,update
00QS200000WFM7R,2026-10-07,update
00QS200000WFM5p,2026-10-07,update
00QS200000WFLrK,2026-10-07,update
00QS200000WFLo6,2026-10-07,update
00QS200000WFLo5,2026-10-07,update
00QS200000WFLjH,2026-10-07,update
00QS200000WFLeQ,2026-10-07,update
00QS200000WFLcn,2026-10-07,update
00QS200000WFLBO,2026-10-07,update
00QS200000WFLBN,2026-10-07,update
00QS200000WFL89,2026-10-07,update
00QS200000WFL6X,2026-10-07,update
00QS200000WFL1h,2026-10-07,update
00QS200000WFKjy,2026-10-07,update
00QS200000WFKjx,2026-10-07,update
00QS200000WFKVR,2026-10-07,update
00QS200000WFKTq,2026-10-07,update
00QS200000WFKNO,2026-10-07,update
00QS200000WFKLl,2026-10-07,update
00QS200000WFKDh,2026-10-07,update
00QS200000WFK41,2026-10-07,update
00QS200000WFK2P,2026-10-07,update
00QS200000WFJzC,2026-10-07,update
00QS200000WFJsj,2026-10-07,update
00QS200000WFJkg,2026-10-07,update
00QS200000WFJSw,2026-10-07,update
00QS200000WFJSv,2026-10-07,update
00QS200000WFJJF,2026-10-07,update
00QS200000WFJ7y,2026-10-07,update
00QS200000WFIrp,2026-10-07,update
00QS200000WFILZ,2026-10-07,update
00QS200000WFIJx,2026-10-07,update
00QS200000WFIIL,2026-10-07,update
00QS200000WFIGj,2026-10-07,update
00QS200000WFIBt,2026-10-07,update
00QS200000WFI73,2026-10-07,update
00QS200000WFHyz,2026-10-07,update
00QS200000WFHfd,2026-10-07,update
00QS200000WFHao,2026-10-07,update
00QS200000WFHXZ,2026-10-07,update
00QS200000WFHNt,2026-10-07,update
00QS200000WFHCb,2026-10-07,update
00QS200000WFHB0,2026-10-07,update
00QS200000WFH7l,2026-10-07,update
00QS200000WFH1J,2026-10-07,update
00QS200000WFGV3,2026-10-07,update
00QS200000WFGEv,2026-10-07,update
00QS200000WFFvb,2026-10-07,update
00QS200000WFFp7,2026-10-07,update
00QS200000WFFnV,2026-10-07,update
00QS200000WFFh4,2026-10-07,update
00QS200000WFFh3,2026-10-07,update
00QS200000WFFM5,2026-10-07,update
00QS200000WFF18,2026-10-07,update
00QS200000WFEpp,2026-10-07,update
00QS200000WFEeX,2026-10-07,update
00QS200000WFEEk,2026-10-07,update
00QS200000WFEEj,2026-10-07,update
00QS200000WFE3R,2026-10-07,update
00QS200000WFE1p,2026-10-07,update
00QS200000WFE0E,2026-10-07,update
00QS200000WFDqX,2026-10-07,update
00QS200000WFDgs,2026-10-07,update
00QS200000WFDDq,2026-10-07,update
00QS200000WFD98,2026-10-07,update
00QS200000WFD97,2026-10-07,update
00QS200000WFD5l,2026-10-07,update
00QS200000WFCxh,2026-10-07,update
00QS200000WFCw5,2026-10-07,update
00QS200000WFCmQ,2026-10-07,update
00QS200000WFCXt,2026-10-07,update
00QS200000WFCT3,2026-10-07,update
00QS200000WFCOD,2026-10-07,update
00QS200000WFCKz,2026-10-07,update
00QS200000WFCJO,2026-10-07,update
00QS200000WFBwn,2026-10-07,update
00QS200000WFBok,2026-10-07,update
00QS200000WFBlV,2026-10-07,update
00QS200000WFBjt,2026-10-07,update
00QS200000WFBiH,2026-10-07,update
00QS200000WFBWz,2026-10-07,update
00QS200000WFBIT,2026-10-07,update
00QS200000WFBGr,2026-10-07,update
00QS200000WFBFF,2026-10-07,update
00QS200000WFBDd,2026-10-07,update
00QS200000WFBC1,2026-10-07,update
00QS200000WFBAP,2026-10-07,update
00QS200000WFB7C,2026-10-07,update
00QS200000WFAz7,2026-10-07,update
00QS200000WFAvt,2026-10-07,update
00QS200000WFAuH,2026-10-07,update
00QS200000WFAsg,2026-10-07,update
00QS200000WFAsf,2026-10-07,update
00QS200000WFAr3,2026-10-07,update
00QS200000WFApR,2026-10-07,update
00QS200000WFAnp,2026-10-07,update
00QS200000WFAmD,2026-10-07,update
00QS200000WFAkb,2026-10-07,update
00QS200000WFAHZ,2026-10-07,update
00QS200000WFA9V,2026-10-07,update
00QS200000WFA6H,2026-10-07,update
00QS200000WF9oY,2026-10-07,update
00QS200000WF9lL,2026-10-07,update
00QS200000WF9gT,2026-10-07,update
00QS200000WF9er,2026-10-07,update
00QS200000WF9a1,2026-10-07,update
00QS200000WF8u5,2026-10-07,update
00QS200000WF8ng,2026-10-07,update
00QS200000WF8dx,2026-10-07,update
00QS200000WF8PR,2026-10-07,update
00QS200000WF8Kb,2026-10-07,update
00QS200000WF89J,2026-10-07,update
00QS200000WF81G,2026-10-07,update
00QS200000WF7zd,2026-10-07,update
00QS200000WF7px,2026-10-07,update
00QS200000WF7mj,2026-10-07,update
00QS200000WF7Rm,2026-10-07,update
00QS200000WF7A1,2026-10-07,update
00QS200000WF76n,2026-10-07,update
00QS200000WF73a,2026-10-07,update
00QS200000WF71y,2026-10-07,update
00QS200000WF6yj,2026-10-07,update
00QS200000WF6qh,2026-10-07,update
00QS200000WF6fO,2026-10-07,update
00QS200000WF6aY,2026-10-07,update
00QS200000WF6Vh,2026-10-07,update
00QS200000WF6U6,2026-10-07,update
00QS200000WF6Fa,2026-10-07,update
00QS200000WF698,2026-10-07,update
00QS200000WF614,2026-10-07,update
00QS200000WF5xq,2026-10-07,update
00QS200000WF5g7,2026-10-07,update
00QS200000WF5Ml,2026-10-07,update
00QS200000WF4VW,2026-10-07,update
00QS200000WF1Ch,2026-10-07,update
00QS200000WF14c,2026-10-07,update
00QS200000WEzlz,2026-10-07,update
